reference_number,watch_URL,type,brand,year_introduced,parent_model,specific_model,nickname,marketing_name,style,currency,price,image_URL,made_in,case_shape,case_material,case_finish,caseback,diameter,between_lugs,lug_to_lug,case_thickness,bezel_material,bezel_color,crystal,water_resistance,weight,dial_color,numerals,bracelet_material,bracelet_color,clasp_type,movement,caliber,power_reserve,frequency,jewels,features,description,short_description
No.17 Double Soleil,https://czapek.com/product/n17-double-soleil-deep-blue/,,czapek,,QUAI DES BERGUES,No.17 Double Soleil,,,,,,https://czapek.com/wp-content/uploads/2023/10/beauty-blue3.jpg,Switzerland,,Stainless steel case,,Sapphire crystal case back with anti-reflective treatment on the inside surface,40.5 mm,,,,,,Curved sapphire crystal with anti-reflective treatment on the inside surface,5 atm,,Deep Blue or Tuxedo Black Unique and Exclusive Czapek guilloché ‘Double Soleil’ design inspired by the 1930’s Art Déco era Czapek elongated indexes Rhodium plated arrow steel hands,Deep Blue or Tuxedo Black Unique and Exclusive Czapek guilloché ‘Double Soleil’ design inspired by the 1930’s Art Déco era Czapek elongated indexes Rhodium plated arrow steel hands,,,,,Calibre SXH1: Haute Horlogerie proprietary mechanical hand-wound movement,168 hours,3 Hz,,Hours & minutes Small second at 7h30 Power reserve indication with weekdays at 4h30,"Czapek introduces its seminal Quai des Bergues model in a 40.5mm steel case, with a newly developed hand-guilloché pattern on the dial.",
Rattrapante Ice Blue,https://czapek.com/product/rattrapante-ice-blue/,,czapek,,Antarctique Rattrapante,Rattrapante Ice Blue,Antarctique Chronograph,,,CHF,50000,https://czapek.com/wp-content/uploads/2022/03/ANT_RTRT_Ice_Blue_W_Soldier_Web-1024x1371.jpg,Switzerland,,42.5mm stainless-steel case,,Sapphire case back with anti-reflective treatment on the inner side,42.5 mm,,,15.3 mm,,,Sapphire crystal glass-box with anti-reflective treatment,12 atm,,Open-worked split-second chronograph on the dial side (world première) Sword hours and minutes hands with SuperLuminova treatment Split-second hand in full red Blue fumé sapphire glass minutes ring and counters made with PVD evaporation,Open-worked split-second chronograph on the dial side (world première) Sword hours and minutes hands with SuperLuminova treatment Split-second hand in full red Blue fumé sapphire glass minutes ring and counters made with PVD evaporation,"Integrated stainless steel bracelet with Czapek exclusive ""Easy Release"" system Additional calf leather or rubber strap","Integrated stainless steel bracelet with Czapek exclusive ""Easy Release"" system Additional calf leather or rubber strap","Integrated stainless steel bracelet with Czapek exclusive ""Easy Release"" system Additional calf leather or rubber strap",,Calibre SXH6: haute horlogerie automatic power-horse movement with a split-second monopusher chronograph module,,4 Hz,,"Split-second monopusher chronograph, hours, minutes & seconds Chronograph's minutes at 4:30 Small seconds at 7:30 Split-second pusher at 10:30","Openworked split-second monopusher chronographAutomatic movement with 60 hours of power reserve42.5 mm. stainless steel case, water resistant at up 120 meters (12 ATM)Integrated metal braceletLimited Edition of 99 pieces",
No.17 Double Soleil,https://czapek.com/product/n17-double-soleil-tuxedo-black/,,czapek,,QUAI DES BERGUES,No.17 Double Soleil,,,,,,https://czapek.com/wp-content/uploads/2023/10/beauty-blue3.jpg,Switzerland,,Stainless steel case,,Sapphire crystal case back with anti-reflective treatment on the inside surface,40.5 mm,,,,,,Curved sapphire crystal with anti-reflective treatment on the inside surface,5 atm,,Deep Blue or Tuxedo Black Unique and Exclusive Czapek guilloché ‘Double Soleil’ design inspired by the 1930’s Art Déco era Czapek elongated indexes Rhodium plated arrow steel hands,Deep Blue or Tuxedo Black Unique and Exclusive Czapek guilloché ‘Double Soleil’ design inspired by the 1930’s Art Déco era Czapek elongated indexes Rhodium plated arrow steel hands,,,,,Calibre SXH1: Haute Horlogerie proprietary mechanical hand-wound movement,168 hours,3 Hz,,Hours & minutes Small second at 7h30 Power reserve indication with weekdays at 4h30,"Czapek introduces its seminal Quai des Bergues model in a 40.5mm steel case, with a newly developed hand-guilloché pattern on the dial.",
Aventurine,https://czapek.com/product/fdc_aventurine/,,czapek,,Faubourg de Cracovie,Aventurine,,,,CHF,34000,https://czapek.com/wp-content/uploads/2022/10/FDC_Adventurine_W_Soldier_Web-1024x1371.jpg,Switzerland,,41.5mm Stainless Steel Case,,Sapphire case back with Anti-reflective treatment on the inner side.,41.5 mm,,,,,,Sapphire crystal Glass-Box with anti-reflective treatment,5 atm,,Dark blue aventurine dial and counters made with three different parts Baton applied indexes with Super Luminova treatment 12 in Arabic numeral with Super Luminova treatment,Dark blue aventurine dial and counters made with three different parts Baton applied indexes with Super Luminova treatment 12 in Arabic numeral with Super Luminova treatment,41.5mm Stainless Steel Case Sapphire crystal Glass-Box with anti-reflective treatment Sapphire case back with Anti-reflective treatment on the inner side. Water Resistance: 50m Alligator Strap with a steel deploying buckle,41.5mm Stainless Steel Case Sapphire crystal Glass-Box with anti-reflective treatment Sapphire case back with Anti-reflective treatment on the inner side. Water Resistance: 50m Alligator Strap with a steel deploying buckle,41.5mm Stainless Steel Case Sapphire crystal Glass-Box with anti-reflective treatment Sapphire case back with Anti-reflective treatment on the inner side. Water Resistance: 50m Alligator Strap with a steel deploying buckle,,Caliber SXH3: Haute Horlogerie integrated automatic Chronograph movement with a bespoke execution,,5 Hz,,"Chronograph, Hours, Minutes & Seconds Chronograph's Minutes at 3 o'clock Chronograph's Hours at 9 o'clock Small seconds at 6 o'clock","Stainless steel caseDark blue aventurine dialArrow hands with SuperLuminova® coatingHour markers in SuperLuminova®Certified Chronometer (COSC)Limited edition of 50 pieces engraved:""1 out of 50""",
Antarctique,https://czapek.com/product/mop_pp/,,czapek,,ANTARCTIQUE S,La Carte des Nuages,,,,,,https://czapek.com/wp-content/uploads/2023/03/close-up-misty.jpg,Switzerland,,Stainless steel case,,Sapphire crystal case-back with anti-reflective treatment,38.5 mm,,,10.6 mm,,,Sapphire crystal glass-box with anti-reflective treatment ARDur©,12 atm,,Dial made of white or grey mother-of-pearl with a grey coating on the back ‘Carte des Nuages’ guilloché gridlines motif Exclusive ‘Antarctique cut’ diamonds at 12 Princess cut diamond hour markers,Dial made of white or grey mother-of-pearl with a grey coating on the back ‘Carte des Nuages’ guilloché gridlines motif Exclusive ‘Antarctique cut’ diamonds at 12 Princess cut diamond hour markers,"Integrated stainless steel bracelet with Czapek exclusive ""Easy Release"" system Additional rubber or leather strap","Integrated stainless steel bracelet with Czapek exclusive ""Easy Release"" system Additional rubber or leather strap","Integrated stainless steel bracelet with Czapek exclusive ""Easy Release"" system Additional rubber or leather strap",,Calibre SXH5: Czapek's in house self-winding mechanical movement,60 hours,4 Hz,,"Hours, Minutes & Seconds","One year after the successful launch of the Antarctique S, Czapek plays on its sporty chic appeal with new dials to complement its sleek 38.5mm case.",
COMPLICITÉ,https://czapek.com/product/complicite-harmony-blue/,,czapek,,PLACE VENDÔME,COMPLICITÉ,,,,,,https://czapek.com/wp-content/uploads/2023/08/HB-Cobra.jpg,Switzerland,,18K 5N rose gold or white gold case with domed sapphire and sandblasted hollowed-out lugs,,,41.8 mm,,,14.8 mm,,,,5 atm,,Open-worked with double escapement on a ’Grainé’ main plate with blue or silver galvanic treatment Circular-grained minutes and hours track Partially skeletonized sword hands Faceted mirror-polished indexes in gold,Open-worked with double escapement on a ’Grainé’ main plate with blue or silver galvanic treatment Circular-grained minutes and hours track Partially skeletonized sword hands Faceted mirror-polished indexes in gold,,,,,Calibre 8 created in collaboration with Bernhard Lederer,72 hours,3 Hz,,"Hours, Minutes, Seconds & Power reserve indicator","Czapek & Cie launches Place Vendôme Complicité, a unique reinterpretation of a double escapement combination initially created in 1930 and very rare in wristwatches. Two independent escapements beat at their own pace, with any rate variations balanced by a differential at 12 o’clock, all beautifully laid out on the dial side.",
COMPLICITÉ,https://czapek.com/product/complicite-stardust/,,czapek,,PLACE VENDÔME,COMPLICITÉ,,,,,,https://czapek.com/wp-content/uploads/2023/08/HB-Cobra.jpg,Switzerland,,18K 5N rose gold or white gold case with domed sapphire and sandblasted hollowed-out lugs,,,41.8 mm,,,14.8 mm,,,,5 atm,,Open-worked with double escapement on a ’Grainé’ main plate with blue or silver galvanic treatment Circular-grained minutes and hours track Partially skeletonized sword hands Faceted mirror-polished indexes in gold,Open-worked with double escapement on a ’Grainé’ main plate with blue or silver galvanic treatment Circular-grained minutes and hours track Partially skeletonized sword hands Faceted mirror-polished indexes in gold,,,,,Calibre 8 created in collaboration with Bernhard Lederer,72 hours,3 Hz,,"Hours, Minutes, Seconds & Power reserve indicator","Czapek & Cie launches Place Vendôme Complicité, a unique reinterpretation of a double escapement combination initially created in 1930 and very rare in wristwatches. Two independent escapements beat at their own pace, with any rate variations balanced by a differential at 12 o’clock, all beautifully laid out on the dial side.",
Emerald Green L,https://czapek.com/product/emerald-green-l/,,czapek,,Quai des Bergues,Emerald Green L,,,,CHF,18800,https://czapek.com/wp-content/uploads/2022/07/QdB_Green_Emerald_L_W_Soldier_Web-1024x1371.jpg,Switzerland,,Stainless steel case,,Sapphire crystal case back with anti-reflective treatment on the inside surface,42.5 mm,,,,,,Curved Sapphire crystal with anti-reflective treatment on the inside surface,5 atm,,Green handmade “Flinqué” enamel dial,Green handmade “Flinqué” enamel dial,Stainless steel case 42.5 mm diameter Curved Sapphire crystal with anti-reflective treatment on the inside surface Sapphire crystal case back with anti-reflective treatment on the inside surface Water-resistance: 50 meters (5 atm) Alligator strap with XO seel pin buckle,Stainless steel case 42.5 mm diameter Curved Sapphire crystal with anti-reflective treatment on the inside surface Sapphire crystal case back with anti-reflective treatment on the inside surface Water-resistance: 50 meters (5 atm) Alligator strap with XO seel pin buckle,Stainless steel case 42.5 mm diameter Curved Sapphire crystal with anti-reflective treatment on the inside surface Sapphire crystal case back with anti-reflective treatment on the inside surface Water-resistance: 50 meters (5 atm) Alligator strap with XO seel pin buckle,,Calibre SXH1: Haute Horlogerie proprietary mechanical hand-wound movement,168 hours,3 Hz,,"Hours, Minutes & Seconds Small second at 7h30 Power reserve indication with weekdays at 4h30",Green handmade “Flinqué” enamel dialExclusive XO stainless steel “Revolution” case42.5 mm diameterCzapek exclusive Ricochet® designWhite steel hands,
Purple Panda,https://czapek.com/product/purple_panda/,,czapek,,Faubourg de Cracovie,Purple Panda,,,,CHF,32000,https://czapek.com/wp-content/uploads/2022/03/FDC_Purple_Panda_Soldier_LR3_color-corrected_LR-1024x1370.jpg,Switzerland,,41.5mm Stainless Steel Case,,Sapphire case back with Anti-reflective treatment on the inner side.,41.5 mm,,,,,,Sapphire crystal Glass-Box with anti-reflective treatment,5 atm,,"Handcrafted Guilloché ""Résonance"" bombé dial in AuPtPdAg Baton applied indexes with Super Luminova treatment 12 in Arabic numeral with Super Luminova treatment","Handcrafted Guilloché ""Résonance"" bombé dial in AuPtPdAg Baton applied indexes with Super Luminova treatment 12 in Arabic numeral with Super Luminova treatment",41.5mm Stainless Steel Case Sapphire crystal Glass-Box with anti-reflective treatment Sapphire case back with Anti-reflective treatment on the inner side. Water Resistance: 50m Alligator Strap with a steel deploying buckle,41.5mm Stainless Steel Case Sapphire crystal Glass-Box with anti-reflective treatment Sapphire case back with Anti-reflective treatment on the inner side. Water Resistance: 50m Alligator Strap with a steel deploying buckle,41.5mm Stainless Steel Case Sapphire crystal Glass-Box with anti-reflective treatment Sapphire case back with Anti-reflective treatment on the inner side. Water Resistance: 50m Alligator Strap with a steel deploying buckle,,Caliber SXH3: Haute Horlogerie integrated automatic Chronograph movement with a bespoke execution,,5 Hz,,"Chronograph, Hours, Minutes & Seconds Chronograph's Minutes at 3 o'clock Chronograph's Hours at 9 o'clock Small seconds at 6 o'clock Date at 6 o'clock","Stainless steel casePurple & white handcrafted guilloché ""Résonance""dialArrow hands with SuperLuminova® coatingHour markers in SuperLuminova®Certified Chronometer (COSC)Limited edition of 18 pieces engraved:""1 out of 18""All allocations have been now booked. Please contact our retailers for possible availability.",
Antarctique,https://czapek.com/product/revelation_pp/,,czapek,,ANTARCTIQUE,REVELATION,,,,,,https://czapek.com/wp-content/uploads/2023/03/lifsyle.jpg,Switzerland,,Stainless steel case,,Sapphire crystal case-back with anti-reflective treatment,40.5 mm,,,10.6 mm,,,Sapphire crystal glass-box with anti-reflective treatment ARDur©,12 atm,,"Minutes track and small second subdial in grey smoked sapphire crystal Luminescent, rhodium plated steel hour markers","Minutes track and small second subdial in grey smoked sapphire crystal Luminescent, rhodium plated steel hour markers","Integrated stainless steel bracelet with Czapek exclusive ""Easy Release"" system and micro-adjustment device Additional calf leather or rubber strap","Integrated stainless steel bracelet with Czapek exclusive ""Easy Release"" system and micro-adjustment device Additional calf leather or rubber strap","Integrated stainless steel bracelet with Czapek exclusive ""Easy Release"" system and micro-adjustment device Additional calf leather or rubber strap",,Calibre SXH7: Czapek's in house self-winding mechanical skeletonized movement,60 hours,4 Hz,,"Hours, Minutes & Seconds","Czapek & Cie has announced the release of a striking new model in its popular Antarctique collection. As its name suggests, the Antarctique Révélation has been skillfully skeletonized and the new bespoke, purpose-built movement exposes its pulsating heart on the dial side, to the thrill of the wearer.",
Sapphire Blue L,https://czapek.com/product/sapphire-blue-l/,,czapek,,Quai des Bergues,Sapphire Blue L,,,,CHF,18800,https://czapek.com/wp-content/uploads/2022/07/QdB_Sapphire_Blue_L_W_Soldier_Web-1024x1371.jpg,Switzerland,,Stainless steel case,,Sapphire crystal case back with anti-reflective treatment on the inside surface,42.5 mm,,,,,,Curved Sapphire crystal with anti-reflective treatment on the inside surface,5 atm,,Blue handmade “Flinqué” enamel dial,Blue handmade “Flinqué” enamel dial,Stainless steel case 42.5 mm diameter Curved Sapphire crystal with anti-reflective treatment on the inside surface Sapphire crystal case back with anti-reflective treatment on the inside surface Water-resistance: 50 meters (5 atm) Alligator strap with XO seel pin buckle,Stainless steel case 42.5 mm diameter Curved Sapphire crystal with anti-reflective treatment on the inside surface Sapphire crystal case back with anti-reflective treatment on the inside surface Water-resistance: 50 meters (5 atm) Alligator strap with XO seel pin buckle,Stainless steel case 42.5 mm diameter Curved Sapphire crystal with anti-reflective treatment on the inside surface Sapphire crystal case back with anti-reflective treatment on the inside surface Water-resistance: 50 meters (5 atm) Alligator strap with XO seel pin buckle,,Calibre SXH1: Haute Horlogerie proprietary mechanical hand-wound movement,168 hours,3 Hz,,"Hours, Minutes & Seconds Small second at 7h30 Power reserve indication with weekdays at 4h30",Blue handmade “Flinqué” enamel dialExclusive XO stainless steel “Revolution” case42.5 mm diameterCzapek exclusive Ricochet® designSteel hands with white galvanic treatment,
Antarctique,https://czapek.com/product/antarctique-shashiko-pp/,,czapek,,ANTARCTIQUE S,Sashiko,,,,,,https://czapek.com/wp-content/uploads/2023/03/blue-dial-close-up.jpg,Switzerland,,Stainless steel case,,Sapphire crystal case-back with anti-reflective treatment,38.5 mm,,,10.6 mm,,,Sapphire crystal glass-box with anti-reflective treatment ARDur©,12 atm,,Azure or Pink flinqué dial with Japanese embroidery-inspired pattern Luminescent metal or diamonds hour markers,Azure or Pink flinqué dial with Japanese embroidery-inspired pattern Luminescent metal or diamonds hour markers,"Integrated stainless steel bracelet with Czapek exclusive ""Easy Release"" system Complementary strap in rubber or leather","Integrated stainless steel bracelet with Czapek exclusive ""Easy Release"" system Complementary strap in rubber or leather","Integrated stainless steel bracelet with Czapek exclusive ""Easy Release"" system Complementary strap in rubber or leather",,Calibre SXH5: Czapek's in house self-winding mechanical movement,60 hours,4 Hz,,"Hours, Minutes & Seconds","One year after the successful launch of the Antarctique S, Czapek plays on its sporty chic appeal with new dials to complement its sleek 38.5mm case.",
Antarctique,https://czapek.com/product/dark_sector_pp/,,czapek,,ANTARCTIQUE,TITANIUM DARK SECTOR,,,,,,https://czapek.com/wp-content/uploads/2023/03/black-cobra.jpg,Switzerland,,Sapphire crystal case-back with anti-reflective treatment,,Sapphire crystal case-back with anti-reflective treatment,40.5 mm,,,10.6 mm,,,Sapphire crystal glass-box with anti-reflective treatment ARDur©,12 atm,,"Anthracite grey brass dial with velouté finish and exclusive registered segments design Luminescent, steel “Sword” hands","Anthracite grey brass dial with velouté finish and exclusive registered segments design Luminescent, steel “Sword” hands","Integrated Grade 5 Titanium bracelet with Czapek exclusive ""Easy Release"" system and micro-adjustment device Additional calf leather or rubber strap","Integrated Grade 5 Titanium bracelet with Czapek exclusive ""Easy Release"" system and micro-adjustment device Additional calf leather or rubber strap","Integrated Grade 5 Titanium bracelet with Czapek exclusive ""Easy Release"" system and micro-adjustment device Additional calf leather or rubber strap",,Calibre SXH5: Czapek's in house self-winding mechanical movement,60 hours,4 Hz,,"Hours, Minutes & Seconds","Czapek & Cie has launched a brand new model in its Antarctique collection. This new three-hand timepiece takes a serene, geometrical approach to the display of time and remains true to the company’s dedication to top-tier manufacturing and finishing.",
Emerald Iceberg,https://czapek.com/product/emerald_iceberg/,,czapek,,Antarctique Special Edition,Emerald Iceberg,,Special Edition,,CHF,19000,https://czapek.com/wp-content/uploads/2021/04/ANT_Emerald_Iceberg_REF_REF4_Web-1024x1371.jpg,Switzerland,,Stainless steel case,,Sapphire crystal case-back with anti-reflective treatment,40.5 mm,,,10.6 mm,,,Sapphire crystal glass-box with anti-reflective treatment ARUnic©,12 atm,,Exclusive hand-varnished dial,Exclusive hand-varnished dial,"Stainless steel case 40.5 mm diameter Height: 10.6 mm Sapphire crystal glass-box with anti-reflective treatment ARUnic© Sapphire crystal case-back with anti-reflective treatment Water-resistance: 120 meters (12 atm) Integrated stainless steel bracelet with Czapek exclusive ""Easy Release"" system","Stainless steel case 40.5 mm diameter Height: 10.6 mm Sapphire crystal glass-box with anti-reflective treatment ARUnic© Sapphire crystal case-back with anti-reflective treatment Water-resistance: 120 meters (12 atm) Integrated stainless steel bracelet with Czapek exclusive ""Easy Release"" system","Stainless steel case 40.5 mm diameter Height: 10.6 mm Sapphire crystal glass-box with anti-reflective treatment ARUnic© Sapphire crystal case-back with anti-reflective treatment Water-resistance: 120 meters (12 atm) Integrated stainless steel bracelet with Czapek exclusive ""Easy Release"" system",,Calibre SXH5: Czapek's in house self-winding mechanical movement,60 hours,4 Hz,,"Hours, Minutes & Seconds","Unique hand-varnished dial for each timepiece60-hours power reserve, self-winding Haute Horlogerie calibre SXH540.5 mm stainless steel case,water resistant at up to 120 m (12 ATM)Integrated metal bracelet and additionl leather strap",
Rattrapante Silver Grey,https://czapek.com/product/rattrapante-silver-grey/,,czapek,,Antarctique Rattrapante,Rattrapante Silver Grey,Antarctique Chronograph,,,,,https://czapek.com/wp-content/uploads/2021/11/ANT_RATT_Silver_Grey_REF1_REF1_Soldier_Web-1024x1371.jpg,Switzerland,,42.5mm stainless-steel case,,Sapphire case back with anti-reflective treatment on the inner side,42.5 mm,,,15.3 mm,,,Sapphire crystal glass-box with anti-reflective treatment,12 atm,,Open-worked split-second chronograph on the dial side (world première) Sword hours and minutes hands with SuperLuminova treatment Split-second hand with red tip Diamond-chamfered rhodium-plated minutes ring and counters,Open-worked split-second chronograph on the dial side (world première) Sword hours and minutes hands with SuperLuminova treatment Split-second hand with red tip Diamond-chamfered rhodium-plated minutes ring and counters,"Integrated stainless steel bracelet with Czapek exclusive ""Easy Release"" system Additional calf leather or rubber strap","Integrated stainless steel bracelet with Czapek exclusive ""Easy Release"" system Additional calf leather or rubber strap","Integrated stainless steel bracelet with Czapek exclusive ""Easy Release"" system Additional calf leather or rubber strap",,Calibre SXH6: haute horlogerie automatic power-horse movement with a split-second monopusher chronograph module,,4 Hz,,"Split-second monopusher chronograph, hours, minutes & seconds Chronograph's minutes at 4:30 Small seconds at 7:30 Split-second pusher at 10:30","Openworked split-second monopusher chronographAutomatic movement with 60 hours of power reserve42.5 mm. stainless steel case, water resistant at up 120 meters (12 ATM)Integrated metal braceletLimited Edition of 77 pieces",
Océan d’Or 5N Rose Gold,https://czapek.com/product/ocean-dor-5n-rose-gold/,,czapek,,Faubourg de Cracovie,Océan d’Or 5N Rose Gold,,,,CHF,50000,https://czapek.com/wp-content/uploads/2021/02/FdC_Ocean_dOr_5N_Soldier_Web-1024x1371.jpg,Switzerland,,41.5mm 5N Rose Gold Case,,Sapphire case back with Anti-reflective treatment on the inner side.,41.5 mm,,,,,,Sapphire crystal Glass-Box with anti-reflective treatment,5 atm,,"Handcrafted Guilloché ""Résonance"" bombé dial in AuPtPdAg Rose gold baton applied indexes with Super Luminova treatment 12 in Arabic numerals with Super Luminova treatment","Handcrafted Guilloché ""Résonance"" bombé dial in AuPtPdAg Rose gold baton applied indexes with Super Luminova treatment 12 in Arabic numerals with Super Luminova treatment",41.5mm 5N Rose Gold Case Sapphire crystal Glass-Box with anti-reflective treatment Sapphire case back with Anti-reflective treatment on the inner side. Water Resistance: 50m Alligator Strap with a 5N rose gold deploying buckle,41.5mm 5N Rose Gold Case Sapphire crystal Glass-Box with anti-reflective treatment Sapphire case back with Anti-reflective treatment on the inner side. Water Resistance: 50m Alligator Strap with a 5N rose gold deploying buckle,41.5mm 5N Rose Gold Case Sapphire crystal Glass-Box with anti-reflective treatment Sapphire case back with Anti-reflective treatment on the inner side. Water Resistance: 50m Alligator Strap with a 5N rose gold deploying buckle,,Caliber SXH3: Haute Horlogerie integrated automatic Chronograph movement with a bespoke execution,,5 Hz,,"Chronograph, Hours, Minutes & Seconds Chronograph's Minutes at 3 o'clock Chronograph's Hours at 9 o'clock Small seconds at 6 o'clock Date at 6 o'clock","5N Rose gold caseBlue Handcrafted Guilloché ""Résonance"" dial with 5n rose gold subdialsLuminescent 5n rose gold hands and indexesSXH3 Certified Chronometer (COSC) caliberLimited Edition of 8 pieces engraved:""1 out of 8""",
Frozen Star S,https://czapek.com/product/frozen_star_s/,,czapek,,Antarctique,Frozen Star S,,,,CHF,76000,https://czapek.com/wp-content/uploads/2023/03/froyen-sdt.jpg,Switzerland,,Stainless steel case,,Sapphire crystal case-back with anti-reflective treatment,38.5 mm,,,10.6 mm,,,Sapphire crystal glass-box with anti-reflective treatment ARDur©,12 atm,,"Made of crystallised Osmium – the rarest precious metal on Earth Luminescent, rhodium plated steel hour makers","Made of crystallised Osmium – the rarest precious metal on Earth Luminescent, rhodium plated steel hour makers","Integrated stainless steeIntegrated stainless steel bracelet with Czapek exclusive ""Easy Release"" systeml bracelet with Czapek exclusive ""Easy Release"" system Additional calf leather or rubber strap","Integrated stainless steeIntegrated stainless steel bracelet with Czapek exclusive ""Easy Release"" systeml bracelet with Czapek exclusive ""Easy Release"" system Additional calf leather or rubber strap","Integrated stainless steeIntegrated stainless steel bracelet with Czapek exclusive ""Easy Release"" systeml bracelet with Czapek exclusive ""Easy Release"" system Additional calf leather or rubber strap",,Calibre SXH5: Czapek's in house self-winding mechanical movement,60 hours,4 Hz,,"Hours, Minutes & Seconds","Exclusive dial made of crystallised Osmium – the rarest precious metal on Earth60H power reserve, self-winding Haute Horlogerie calibre SXH538.5 mm. stainless steel case, water resistant at up 120 meters (12 ATM)Integrated metal braceletLimited Edition of 38 piecesTo place an order please visit https://czapek.com/frozen_star/",
Antarctique,https://czapek.com/product/passage-de-drake_pp/,,czapek,,ANTARCTIQUE,PASSAGE DE DRAKE,,,,,,https://czapek.com/wp-content/uploads/2020/10/white-cobra-1.jpg,Switzerland,,Stainless steel case,,Sapphire crystal case-back with anti-reflective treatment,40.5 mm,,,10.6 mm,,,Sapphire crystal glass-box with anti-reflective treatment ARDur©,12 atm,,"Stamped “flinqué” dial with the exclusive, officially registered “Stairway to Eternity” pattern Available in Ice White, Deep Blue, Black Ink and Glacier Blue. Luminescent, rhodium plated steel hour makers Luminescent, steel ""Sword"" hands","Stamped “flinqué” dial with the exclusive, officially registered “Stairway to Eternity” pattern Available in Ice White, Deep Blue, Black Ink and Glacier Blue. Luminescent, rhodium plated steel hour makers Luminescent, steel ""Sword"" hands","Integrated stainless steel bracelet with Czapek exclusive ""Easy Release"" system and micro-adjustment device Additional calf leather or rubber strap","Integrated stainless steel bracelet with Czapek exclusive ""Easy Release"" system and micro-adjustment device Additional calf leather or rubber strap","Integrated stainless steel bracelet with Czapek exclusive ""Easy Release"" system and micro-adjustment device Additional calf leather or rubber strap",,Calibre SXH5: Czapek's in house self-winding mechanical movement,60 hours,4 Hz,,"Hours, Minutes & Seconds Date at 6 o'clock","Discover the Czapek's Antarctique Passage de Drake line, a collection combining sophisticated style and look with a genuine in-house automatic movement. The four versions can be pre-ordered directly on this page, at Czapek & Cie official retailers, and at the Geneva boutique in rue de la Corraterie 18 in Switzerland.",
Antarctique,https://czapek.com/product/passage-de-drake-s-pp/,,czapek,,ANTARCTIQUE,PASSAGE DE DRAKE S,,,,,,https://czapek.com/wp-content/uploads/2022/03/Title-PdD-S-cropped-scaled.jpg,Switzerland,,Stainless steel case,,Sapphire crystal case-back with anti-reflective treatment,38.5 mm,,,10.6 mm,,,Sapphire crystal glass-box with anti-reflective treatment ARDur©,12 atm,,"Stamped “flinqué” dial with the exclusive, officially registered “Stairway to Eternity” pattern Luminescent, rhodium plated steel hour makers","Stamped “flinqué” dial with the exclusive, officially registered “Stairway to Eternity” pattern Luminescent, rhodium plated steel hour makers","Integrated stainless steel bracelet with Czapek exclusive ""Easy Release"" system Additional rubber strap","Integrated stainless steel bracelet with Czapek exclusive ""Easy Release"" system Additional rubber strap","Integrated stainless steel bracelet with Czapek exclusive ""Easy Release"" system Additional rubber strap",,Calibre SXH5: Czapek's in house self-winding mechanical movement,60 hours,4 Hz,,"Hours, Minutes & Seconds Date at 6 o'clock","Czapek introduces the Antarctique Passage de Drake S – an elegant new case size for slimmer wrists. Two years after the successful launch of the Antarctique line, sporting chic enters fresh territory with a 38.5mm case and an array of new dials.",
Océan d’Or 2N Yellow Gold,https://czapek.com/product/ocean-dor-2n-yellow-gold/,,czapek,,Faubourg de Cracovie,Océan d’Or 2N Yellow Gold,,,,CHF,50000,https://czapek.com/wp-content/uploads/2021/02/FdC_Ocean_dOr_2N_Soldier_Web-1024x1371.jpg,Switzerland,,41.5mm 18 Karat 2N Yellow Gold Case,,Sapphire case back with Anti-reflective treatment on the inner side.,41.5 mm,,,,,,Sapphire crystal Glass-Box with anti-reflective treatment,5 atm,,"Handcrafted Guilloché ""Résonance"" bombé dial in AuPtPdAg Yellow gold baton applied indexes with Super Luminova treatment 12 in Arabic numerals with Super Luminova treatment","Handcrafted Guilloché ""Résonance"" bombé dial in AuPtPdAg Yellow gold baton applied indexes with Super Luminova treatment 12 in Arabic numerals with Super Luminova treatment",41.5mm 18 Karat 2N Yellow Gold Case Sapphire crystal Glass-Box with anti-reflective treatment Sapphire case back with Anti-reflective treatment on the inner side. Water Resistance: 50m Alligator Strap with a 2N yellow gold deploying buckle,41.5mm 18 Karat 2N Yellow Gold Case Sapphire crystal Glass-Box with anti-reflective treatment Sapphire case back with Anti-reflective treatment on the inner side. Water Resistance: 50m Alligator Strap with a 2N yellow gold deploying buckle,41.5mm 18 Karat 2N Yellow Gold Case Sapphire crystal Glass-Box with anti-reflective treatment Sapphire case back with Anti-reflective treatment on the inner side. Water Resistance: 50m Alligator Strap with a 2N yellow gold deploying buckle,,Caliber SXH3: Haute Horlogerie integrated automatic Chronograph movement with a bespoke execution,,5 Hz,,"Chronograph, Hours, Minutes & Seconds Chronograph's Minutes at 3 o'clock Chronograph's Hours at 9 o'clock Small seconds at 6 o'clock Date at 6 o'clock","18 karat 2N yellow gold caseBlue Handcrafted Guilloché ""Résonance"" dial with 2N yellow gold subdialsLuminescent 2N yellow gold hands and indexesSXH3 Certified Chronometer (COSC) caliberLimited Edition of 2 pieces engraved:""1 out of 2""",
Dark Matter,https://czapek.com/product/dark_matter/,,czapek,,Place Vendôme,Dark Matter,,,,CHF,93000,https://czapek.com/wp-content/uploads/2020/08/PV_Dark_Matter_387001_Soldier_Web-1-1024x1371.jpg,Switzerland,,Titanium grade 5 case with ADLC coating,,Sapphire crystal case back with anti-reflective treatment on both sides,43.5 mm,,,,,,Curved sapphire crystal with anti-reflective treatment on both sides,3 atm,,"Champlevé dial, “Grand feu” Black Enamel ring","Champlevé dial, “Grand feu” Black Enamel ring",Titanium grade 5 case with ADLC coating 43.5 mm diameter Sandblasted strechers on case flanks Curved sapphire crystal with anti-reflective treatment on both sides Sapphire crystal case back with anti-reflective treatment on both sides Water-resistance: 30 meters (3 atm) Alligator strap with Titanium buckle,Titanium grade 5 case with ADLC coating 43.5 mm diameter Sandblasted strechers on case flanks Curved sapphire crystal with anti-reflective treatment on both sides Sapphire crystal case back with anti-reflective treatment on both sides Water-resistance: 30 meters (3 atm) Alligator strap with Titanium buckle,Titanium grade 5 case with ADLC coating 43.5 mm diameter Sandblasted strechers on case flanks Curved sapphire crystal with anti-reflective treatment on both sides Sapphire crystal case back with anti-reflective treatment on both sides Water-resistance: 30 meters (3 atm) Alligator strap with Titanium buckle,,Calibre SXH2: Haute Horlogerie proprietary,,3 Hz,,"Hours and minutes on separate dial located at 12 o’clock One-minute tourbillon located at 8 o’clock Second time zone on subdial at 4 o’clock, turns counter-clockwise Disk day/night indicator located at 6, turns counter-clockwise Power reserve: off centre disk, located at 12, turn on 90° on 60h, winding counter clockwise","Titanium grade 5 case with ADLC coatingTourbillon & GMT functionChamplevé dial, “Grand feu” Black Enamel ringAnthracite honeycomb plate and steel bridges treated with PVD coatingLimited edition of 10 pieces",
Abyss,https://czapek.com/product/abyss/,,czapek,,Antarctique Special Edition,Abyss,,Special Edition,,CHF,19000,https://czapek.com/wp-content/uploads/2020/08/ANT_Abyss_REF_REF1_Soldier_Web-1024x1371.jpg,Switzerland,,Stainless steel case,,Sapphire crystal case-back with anti-reflective treatment,40.5 mm,,,10.6 mm,,,Sapphire crystal glass-box with anti-reflective treatment ARUnic©,12 atm,,Exclusive hand-varnished dial,Exclusive hand-varnished dial,"Stainless steel case 40.5 mm diameter Height: 10.6 mm Sapphire crystal glass-box with anti-reflective treatment ARUnic© Sapphire crystal case-back with anti-reflective treatment Water-resistance: 120 meters (12 atm) Integrated stainless steel bracelet with Czapek exclusive ""Easy Release"" system","Stainless steel case 40.5 mm diameter Height: 10.6 mm Sapphire crystal glass-box with anti-reflective treatment ARUnic© Sapphire crystal case-back with anti-reflective treatment Water-resistance: 120 meters (12 atm) Integrated stainless steel bracelet with Czapek exclusive ""Easy Release"" system","Stainless steel case 40.5 mm diameter Height: 10.6 mm Sapphire crystal glass-box with anti-reflective treatment ARUnic© Sapphire crystal case-back with anti-reflective treatment Water-resistance: 120 meters (12 atm) Integrated stainless steel bracelet with Czapek exclusive ""Easy Release"" system",,Calibre SXH5: Czapek's in house self-winding mechanical movement,60 hours,4 Hz,,"Hours, Minutes & Seconds","Unique hand-varnished dial for each timepiece60-hours power reserve, self-winding Haute Horlogerie calibre SXH540.5 mm stainless steel case,water resistant at up to 120 m (12 ATM)Integrated metal bracelet and additionl rubber strap",
California Dreamin’,https://czapek.com/product/california-dreamin/,,czapek,,Faubourg de Cracovie,California Dreamin’,,,,CHF,32000,https://czapek.com/wp-content/uploads/2020/03/FdC_California_Dreaming_Black_Rubber_Soldier_Web-1024x1371.jpg,Switzerland,,41.5mm Stainless Steel Case,,Sapphire case back with Anti-reflective treatment on the inner side.,41.5 mm,,,,,,Sapphire crystal Glass-Box with anti-reflective treatment,5 atm,,Anthracite electroplated brass dial with grené finish Californian style: Roman numerals from X to II and Arabic from 4 to 8 Tachymeter scale Hour markers in SuperLuminova®,Anthracite electroplated brass dial with grené finish Californian style: Roman numerals from X to II and Arabic from 4 to 8 Tachymeter scale Hour markers in SuperLuminova®,41.5mm Stainless Steel Case Sapphire crystal Glass-Box with anti-reflective treatment Sapphire case back with Anti-reflective treatment on the inner side. Water Resistance: 50m Alligator or rubber strap with a steel deploying buckle,41.5mm Stainless Steel Case Sapphire crystal Glass-Box with anti-reflective treatment Sapphire case back with Anti-reflective treatment on the inner side. Water Resistance: 50m Alligator or rubber strap with a steel deploying buckle,41.5mm Stainless Steel Case Sapphire crystal Glass-Box with anti-reflective treatment Sapphire case back with Anti-reflective treatment on the inner side. Water Resistance: 50m Alligator or rubber strap with a steel deploying buckle,,Caliber SXH3: Haute Horlogerie integrated automatic Chronograph movement with a bespoke execution,,5 Hz,,"Chronograph, Hours, Minutes & Seconds Chronograph's Minutes at 3 o'clock Chronograph's Hours at 9 o'clock Small seconds at 6 o'clock Date at 6 o'clock","Stainless steel caseCalifornian style dial with ""grené"" finishTachymeter scaleArrow hands with SuperLuminova® coatingHour markers in SuperLuminova®Certified Chronometer (COSC)Limited edition of 18 pieces engraved:""1 out of 18""",
Aurora Borealis,https://czapek.com/product/aurora-borealis/,,czapek,,Quai des Bergues,Aurora Borealis,,,,CHF,18800,https://czapek.com/wp-content/uploads/2020/03/QdB_Aurora_Borealis_EN_034006-1024x1371.jpg,Switzerland,,Exclusive XO stainless steel “Revolution” case,,Sapphire crystal case back with anti-reflective treatment on the inside surface,42.5 mm,,,,,,Curved Sapphire crystal with anti-reflective treatment on the inside surface,5 atm,,"Silver Handmade bombé Guilloché ""Eaux-Vives"" dial Czapek exclusive design Czapek typical elongated indexes","Silver Handmade bombé Guilloché ""Eaux-Vives"" dial Czapek exclusive design Czapek typical elongated indexes",Exclusive XO stainless steel “Revolution” case 42.5 mm diameter Curved Sapphire crystal with anti-reflective treatment on the inside surface Sapphire crystal case back with anti-reflective treatment on the inside surface Water-resistance: 50 meters (5 atm) Matt Blue Steel Alligator strap with XO Steel pin buckle,Exclusive XO stainless steel “Revolution” case 42.5 mm diameter Curved Sapphire crystal with anti-reflective treatment on the inside surface Sapphire crystal case back with anti-reflective treatment on the inside surface Water-resistance: 50 meters (5 atm) Matt Blue Steel Alligator strap with XO Steel pin buckle,Exclusive XO stainless steel “Revolution” case 42.5 mm diameter Curved Sapphire crystal with anti-reflective treatment on the inside surface Sapphire crystal case back with anti-reflective treatment on the inside surface Water-resistance: 50 meters (5 atm) Matt Blue Steel Alligator strap with XO Steel pin buckle,,Calibre SXH1: Haute Horlogerie proprietary mechanical hand-wound movement,168 hours,3 Hz,,"Hours, Minutes & Seconds Small second at 7h30 Power reserve indication with weekdays at 4h30","Exclusive XO stainless steel “Revolution” caseSilver Handmade bombé Guilloché ""Eaux-Vives"" dialSkeletonized, blued steel handsLimited Edition of 10 pieces",
Sapphire Blue S,https://czapek.com/product/sapphire-blue/,,czapek,,Quai des Bergues,Sapphire Blue S,,,,CHF,18800,https://czapek.com/wp-content/uploads/2019/04/QdB_Guilloche_Sapphire_Blue_Enamel_Flinque_Arrow_S_-_EN_034006_Soldier_Web-1024x1371.jpg,Switzerland,,Stainless steel case,,Sapphire crystal case back with anti-reflective treatment on the inside surface,38.5 mm,,,,,,Curved Sapphire crystal with anti-reflective treatment on the inside surface,5 atm,,Blue handmade “Flinqué” enamel dial,Blue handmade “Flinqué” enamel dial,Stainless steel case 38.5 mm diameter Curved Sapphire crystal with anti-reflective treatment on the inside surface Sapphire crystal case back with anti-reflective treatment on the inside surface Water-resistance: 50 meters (5 atm) Mat Dark Blue Alligator strap with XO seel pin buckle,Stainless steel case 38.5 mm diameter Curved Sapphire crystal with anti-reflective treatment on the inside surface Sapphire crystal case back with anti-reflective treatment on the inside surface Water-resistance: 50 meters (5 atm) Mat Dark Blue Alligator strap with XO seel pin buckle,Stainless steel case 38.5 mm diameter Curved Sapphire crystal with anti-reflective treatment on the inside surface Sapphire crystal case back with anti-reflective treatment on the inside surface Water-resistance: 50 meters (5 atm) Mat Dark Blue Alligator strap with XO seel pin buckle,,Calibre SXH1: Haute Horlogerie proprietary mechanical hand-wound movement,168 hours,3 Hz,,"Hours, Minutes & Seconds Small second at 7h30 Power reserve indication with weekdays at 4h30",Blue handmade “Flinqué” enamel dialStainless steel caseSteel hands with white galvanic treatmentLimited Edition of 100 pieces,
Terre Adélie,https://czapek.com/product/terre-adelie-pp/,,czapek,,Antarctique,Terre Adélie,,,,CHF,18000,https://czapek.com/wp-content/uploads/2020/10/ANT_Terre_Adelie_Secret_Alloy_REF_REF1_Soldier_Web-1024x1371.jpg,Switzerland,,Stainless steel case,,Sapphire crystal case-back with anti-reflective treatment,40.5 mm,,,10.6 mm,,,Sapphire crystal glass-box with anti-reflective treatment ARDur©,12 atm,,"Hand brushed ""Lamé"" dial Luminescent, rhodium plated steel hour makers","Hand brushed ""Lamé"" dial Luminescent, rhodium plated steel hour makers","Integrated stainless steel bracelet with Czapek exclusive ""Easy Release"" system Additional calf leather or rubber strap","Integrated stainless steel bracelet with Czapek exclusive ""Easy Release"" system Additional calf leather or rubber strap","Integrated stainless steel bracelet with Czapek exclusive ""Easy Release"" system Additional calf leather or rubber strap",,Calibre SXH5: Czapek's in house self-winding mechanical movement,60 hours,4 Hz,,"Hours, Minutes & Seconds Date at 6 o'clock","Exclusive ""Lamé"" dial60H power reserve, self-winding Haute Horlogerie calibre SXH540.5 mm. stainless steel case, water resistant at up 120 meters (12 ATM)Integrated metal bracelet",
Blue California,https://czapek.com/product/california_blue/,,czapek,,Faubourg de Cracovie,Blue California,,,,CHF,32000,https://czapek.com/wp-content/uploads/2020/02/FDC_California_blue_rubber-blue_strap_LR1-1024x1370.jpg,Switzerland,,41.5mm Stainless Steel Case,,Sapphire case back with Anti-reflective treatment on the inner side.,41.5 mm,,,,,,Sapphire crystal Glass-Box with anti-reflective treatment,5 atm,,Blue electroplated brass dial with grené finish Californian style: Roman numerals from X to II and Arabic from 4 to 8 applied indexes with Super Luminova treatment Tachymeter scale Hour markers in SuperLuminova®,Blue electroplated brass dial with grené finish Californian style: Roman numerals from X to II and Arabic from 4 to 8 applied indexes with Super Luminova treatment Tachymeter scale Hour markers in SuperLuminova®,41.5mm Stainless Steel Case Sapphire crystal Glass-Box with anti-reflective treatment Sapphire case back with Anti-reflective treatment on the inner side. Water Resistance: 50m Alligator Strap with a steel deploying buckle,41.5mm Stainless Steel Case Sapphire crystal Glass-Box with anti-reflective treatment Sapphire case back with Anti-reflective treatment on the inner side. Water Resistance: 50m Alligator Strap with a steel deploying buckle,41.5mm Stainless Steel Case Sapphire crystal Glass-Box with anti-reflective treatment Sapphire case back with Anti-reflective treatment on the inner side. Water Resistance: 50m Alligator Strap with a steel deploying buckle,,Caliber SXH3: Haute Horlogerie integrated automatic Chronograph movement with a bespoke execution,,5 Hz,,"Chronograph, Hours, Minutes & Seconds Chronograph's Minutes at 3 o'clock Chronograph's Hours at 9 o'clock Small seconds at 6 o'clock Date at 6 o'clock","Stainless steel caseBlue Californian style dial with ""grené"" finishTachymeter scaleArrow hands with SuperLuminova® coatingHour markers in SuperLuminova®Certified Chronometer (COSC)Limited edition of 18 pieces engraved:""1 out of 18""",
No.33bis,https://czapek.com/product/no-33-bis/,,czapek,,Quai des Bergues,No.33bis,,,,CHF,36600,https://czapek.com/wp-content/uploads/2017/12/QdB_N33bis_PL_1331_034001_GPHG_2016_Soldier_Web-1024x1371.jpg,Switzerland,,5N Red Gold case with Czapek’s “Queen Bee” Hallmark,,Sapphire crystal case back with anti-reflective treatment on the inside surface,42.5 mm,,,,,,Curved Sapphire crystal with anti-reflective treatment on the inside surface,3 atm,,"""Grand feu"" Enamel dial with a secret signature “Czapek” Elongated roman numerals, symbol of the Czapek elegance","""Grand feu"" Enamel dial with a secret signature “Czapek” Elongated roman numerals, symbol of the Czapek elegance",5N Red Gold case with Czapek’s “Queen Bee” Hallmark 42.5 mm diameter Curved Sapphire crystal with anti-reflective treatment on the inside surface Sapphire crystal case back with anti-reflective treatment on the inside surface Water-resistance: 30 meters (3 atm) Alligator strap with 5N Rose Gold buckle,5N Red Gold case with Czapek’s “Queen Bee” Hallmark 42.5 mm diameter Curved Sapphire crystal with anti-reflective treatment on the inside surface Sapphire crystal case back with anti-reflective treatment on the inside surface Water-resistance: 30 meters (3 atm) Alligator strap with 5N Rose Gold buckle,5N Red Gold case with Czapek’s “Queen Bee” Hallmark 42.5 mm diameter Curved Sapphire crystal with anti-reflective treatment on the inside surface Sapphire crystal case back with anti-reflective treatment on the inside surface Water-resistance: 30 meters (3 atm) Alligator strap with 5N Rose Gold buckle,,Calibre SXH1: Haute Horlogerie proprietary mechanical hand-wound movement,168 hours,3 Hz,,"Hours, Minutes & Seconds Small second at 7h30 Power reserve indication with weekdays at 4h30","5N Rose Gold caseWhite enamel ""Grand feu"" dial""Fleur de lys"" hands in 5N ""BlackGold""",
Secret Alloy,https://czapek.com/product/secret-alloy/,,czapek,,Faubourg de Cracovie,Secret Alloy,,,,CHF,32000,https://czapek.com/wp-content/uploads/2019/03/FDC_Secret_Alloy_034006-1024x1371.jpg,Switzerland,,41.5mm Stainless Steel Case,,Sapphire case back with Anti-reflective treatment on the inner side.,41.5 mm,,,,,,Sapphire crystal Glass-Box with anti-reflective treatment,5 atm,,"""Rough"" Handcrafted Guilloché ""Résonance"" bombé dial in made out of our special alloy, including 55% of precious metals (Pt, Au, Pd, Ag) Baton applied indexes with Super Luminova treatment 12 in Arabic numerals with Super Luminova treatment","""Rough"" Handcrafted Guilloché ""Résonance"" bombé dial in made out of our special alloy, including 55% of precious metals (Pt, Au, Pd, Ag) Baton applied indexes with Super Luminova treatment 12 in Arabic numerals with Super Luminova treatment",41.5mm Stainless Steel Case Sapphire crystal Glass-Box with anti-reflective treatment Sapphire case back with Anti-reflective treatment on the inner side. Water Resistance: 50m Alligator Strap with a steel deploying buckle,41.5mm Stainless Steel Case Sapphire crystal Glass-Box with anti-reflective treatment Sapphire case back with Anti-reflective treatment on the inner side. Water Resistance: 50m Alligator Strap with a steel deploying buckle,41.5mm Stainless Steel Case Sapphire crystal Glass-Box with anti-reflective treatment Sapphire case back with Anti-reflective treatment on the inner side. Water Resistance: 50m Alligator Strap with a steel deploying buckle,,Caliber SXH3: Haute Horlogerie integrated automatic Chronograph movement with a bespoke execution,,5 Hz,,"Chronograph, Hours, Minutes & Seconds Chronograph's Minutes at 3 o'clock Chronograph's Hours at 9 o'clock Small seconds at 6 o'clock Date at 6 o'clock","Stainless steel case""Rough"" Guilloché ""Résonance"" dialBlue steel handsCertified Chronometer (COSC)limited edition of 18 pieces engraved:""1 out of 18""",
Mazurek – Gold,https://czapek.com/product/mazurek-gold/,,czapek,,Quai des Bergues Special Edition,Mazurek – Gold,,Special Edition,,CHF,38500,https://czapek.com/wp-content/uploads/2019/10/no33_MAZUREK_LR2_option_4-1024x1370.jpg,Switzerland,,5N Red Gold case with Amber stone crown set,,Sapphire crystal case back with anti-reflective treatment on the inside surface,42.5 mm,,,,,,Curved Sapphire crystal with anti-reflective treatment on the inside surface,3 atm,,"""Grand feu"" Enamel dial The coat of arms of the Kingdom of Poland The “6” number is red, to underline the hour at which the November Uprising started Elongated roman numerals, symbol of the Czapek elegance","""Grand feu"" Enamel dial The coat of arms of the Kingdom of Poland The “6” number is red, to underline the hour at which the November Uprising started Elongated roman numerals, symbol of the Czapek elegance",5N Red Gold case with Amber stone crown set 42.5 mm diameter Curved Sapphire crystal with anti-reflective treatment on the inside surface Sapphire crystal case back with anti-reflective treatment on the inside surface Water-resistance: 30 meters (3 atm) Alligator strap with 5N Rose Gold buckle,5N Red Gold case with Amber stone crown set 42.5 mm diameter Curved Sapphire crystal with anti-reflective treatment on the inside surface Sapphire crystal case back with anti-reflective treatment on the inside surface Water-resistance: 30 meters (3 atm) Alligator strap with 5N Rose Gold buckle,5N Red Gold case with Amber stone crown set 42.5 mm diameter Curved Sapphire crystal with anti-reflective treatment on the inside surface Sapphire crystal case back with anti-reflective treatment on the inside surface Water-resistance: 30 meters (3 atm) Alligator strap with 5N Rose Gold buckle,,Calibre SXH1: Haute Horlogerie proprietary mechanical hand-wound movement,168 hours,3 Hz,,"Hours, Minutes & Seconds Small second at 7h30 Power reserve indication with weekdays at 4h30","5N Rose Gold caseWhite enamel ""Grand feu"" dialMiniature Painting ""Mazurek""""Fleur de lys"" hands in 5N ""BlackGold""Limited edition of 5 pieces",
Orion Nebula,https://czapek.com/product/orion-nebula/,,czapek,,Antarctique Special Edition,Orion Nebula,,Special Edition,,CHF,19000,https://czapek.com/wp-content/uploads/2020/04/REF1_Orion_Nebula_REF2_REF3_Soldier_Web_Probidi-1024x1370.jpg,Switzerland,,Stainless steel case,,Sapphire crystal case-back with anti-reflective treatment,40.5 mm,,,10.6 mm,,,Sapphire crystal glass-box with anti-reflective treatment ARUnic©,12 atm,,"Exclusive hand-varnished dial Luminescent, rhodium plated steel hour makers","Exclusive hand-varnished dial Luminescent, rhodium plated steel hour makers","Stainless steel case 40.5 mm diameter Height: 10.6 mm Sapphire crystal glass-box with anti-reflective treatment ARUnic© Sapphire crystal case-back with anti-reflective treatment Water-resistance: 120 meters (12 atm) Integrated stainless steel bracelet with Czapek exclusive ""Easy Release"" system","Stainless steel case 40.5 mm diameter Height: 10.6 mm Sapphire crystal glass-box with anti-reflective treatment ARUnic© Sapphire crystal case-back with anti-reflective treatment Water-resistance: 120 meters (12 atm) Integrated stainless steel bracelet with Czapek exclusive ""Easy Release"" system","Stainless steel case 40.5 mm diameter Height: 10.6 mm Sapphire crystal glass-box with anti-reflective treatment ARUnic© Sapphire crystal case-back with anti-reflective treatment Water-resistance: 120 meters (12 atm) Integrated stainless steel bracelet with Czapek exclusive ""Easy Release"" system",,Calibre SXH5: Czapek's in house self-winding mechanical movement,60 hours,4 Hz,,"Hours, Minutes & Seconds Date at 6 o'clock","Exclusive hand-varnished dial60-hours power reserve, self-winding Haute Horlogerie calibre SXH540.5 mm stainless steel case, water resistant at up to 120 m (12 ATM)Integrated metal bracelet",
Mazurek – ‘XO’ Steel,https://czapek.com/product/mazurek-xo-steel/,,czapek,,Quai des Bergues Special Edition,Mazurek – ‘XO’ Steel,,Special Edition,,CHF,20700,https://czapek.com/wp-content/uploads/2019/10/no25_MAZUREK_LR3_option_4-1024x1370.jpg,Switzerland,,Exclusive XO stainless steel “Revolution” case with Amber stone crown set,,Sapphire crystal case back with anti-reflective treatment on the inside surface,42.5 mm,,,,,,Curved Sapphire crystal with anti-reflective treatment on the inside surface,5 atm,,"Sterling Silver dial The coat of arms of the Kingdom of Poland The “6” number is red, to underline the hour at which the November Uprising started Elongated roman numerals, symbol of the Czapek elegance","Sterling Silver dial The coat of arms of the Kingdom of Poland The “6” number is red, to underline the hour at which the November Uprising started Elongated roman numerals, symbol of the Czapek elegance",Exclusive XO stainless steel “Revolution” case with Amber stone crown set 42.5 mm diameter Curved Sapphire crystal with anti-reflective treatment on the inside surface Sapphire crystal case back with anti-reflective treatment on the inside surface Water-resistance: 50 meters (5 atm) Alligator strap with 'XO' Steel buckle,Exclusive XO stainless steel “Revolution” case with Amber stone crown set 42.5 mm diameter Curved Sapphire crystal with anti-reflective treatment on the inside surface Sapphire crystal case back with anti-reflective treatment on the inside surface Water-resistance: 50 meters (5 atm) Alligator strap with 'XO' Steel buckle,Exclusive XO stainless steel “Revolution” case with Amber stone crown set 42.5 mm diameter Curved Sapphire crystal with anti-reflective treatment on the inside surface Sapphire crystal case back with anti-reflective treatment on the inside surface Water-resistance: 50 meters (5 atm) Alligator strap with 'XO' Steel buckle,,Calibre SXH1: Haute Horlogerie proprietary mechanical hand-wound movement,168 hours,3 Hz,,"Hours, Minutes & Seconds Small second at 7h30 Power reserve indication with weekdays at 4h30","Exclusive XO stainless steel “Revolution” caseSterling Silver dialMiniature Painting ""Mazurek ""Skeletonized, blued steel handsLimited Edition of 11 pieces",
Sursum Corda,https://czapek.com/product/sursum-corda/,,czapek,,Quai des Bergues Special Edition,Sursum Corda,,Special Edition,,CHF,60000,https://czapek.com/wp-content/uploads/2020/04/QdB_Sursum_Corda_034006_Sodier_Web-1024x1371.jpg,Switzerland,,1N White Gold case with Czapek’s “Queen Bee” Hallmark,,Sapphire crystal case back with anti-reflective treatment on the inside surface,42.5 mm,,,,,,Curved Sapphire crystal with anti-reflective treatment on the inside surface,3 atm,,World map at the center of the dial in cloisonné enamel Inscriptions ring in brushed white gold Hours outer ring with hand-engraved waves Laser blasting and cutting and soft sand blasting to create a ‘velvet’ effect,World map at the center of the dial in cloisonné enamel Inscriptions ring in brushed white gold Hours outer ring with hand-engraved waves Laser blasting and cutting and soft sand blasting to create a ‘velvet’ effect,1N White Gold case with Czapek’s “Queen Bee” Hallmark 42.5 mm diameter Curved Sapphire crystal with anti-reflective treatment on the inside surface Sapphire crystal case back with anti-reflective treatment on the inside surface Water-resistance: 30 meters (3 atm) Dark matt bue alligator strap with 1N White Gold buckle,1N White Gold case with Czapek’s “Queen Bee” Hallmark 42.5 mm diameter Curved Sapphire crystal with anti-reflective treatment on the inside surface Sapphire crystal case back with anti-reflective treatment on the inside surface Water-resistance: 30 meters (3 atm) Dark matt bue alligator strap with 1N White Gold buckle,1N White Gold case with Czapek’s “Queen Bee” Hallmark 42.5 mm diameter Curved Sapphire crystal with anti-reflective treatment on the inside surface Sapphire crystal case back with anti-reflective treatment on the inside surface Water-resistance: 30 meters (3 atm) Dark matt bue alligator strap with 1N White Gold buckle,,Calibre SXH1: Haute Horlogerie proprietary mechanical hand-wound movement,168 hours,3 Hz,,"Hours, Minutes & Seconds Small second at 7h30","1N White Gold caseWorld map at the center of the dial in cloisonné enamelInscriptions ring in brushed white goldHours outer ring with hand-engraved wavesLaser blasting and cutting and soft sand blasting to create a ‘velvet’ effectSkeletonized, rhodium plated steel hands",
Black Enamel S,https://czapek.com/product/black-enamel/,,czapek,,Quai des Bergues,Black Enamel S,,,,CHF,18800,https://czapek.com/wp-content/uploads/2020/02/QdB_Black_Enamel_S_Fleur_de_Lys_EN_1253_C_034001_Soldier_Web-1024x1371.jpg,Switzerland,,Stainless steel case,,Sapphire crystal case back with anti-reflective treatment on the inside surface,38.5 mm,,,,,,Curved Sapphire crystal with anti-reflective treatment on the inside surface,5 atm,,Black handmade Grand-Feu enamel dial,Black handmade Grand-Feu enamel dial,Stainless steel case 38.5 mm diameter Curved Sapphire crystal with anti-reflective treatment on the inside surface Sapphire crystal case back with anti-reflective treatment on the inside surface Water-resistance: 50 meters (5 atm) Mat Dark Blue Alligator strap with steel pin buckle,Stainless steel case 38.5 mm diameter Curved Sapphire crystal with anti-reflective treatment on the inside surface Sapphire crystal case back with anti-reflective treatment on the inside surface Water-resistance: 50 meters (5 atm) Mat Dark Blue Alligator strap with steel pin buckle,Stainless steel case 38.5 mm diameter Curved Sapphire crystal with anti-reflective treatment on the inside surface Sapphire crystal case back with anti-reflective treatment on the inside surface Water-resistance: 50 meters (5 atm) Mat Dark Blue Alligator strap with steel pin buckle,,Calibre SXH1: Haute Horlogerie proprietary mechanical hand-wound movement,168 hours,3 Hz,,"Hours, Minutes & Seconds Small second at 7h30 Power reserve indication with weekdays at 4h30",Black handmade Grand-Feu enamel dialStainless steel caseFleur de Lys steel handsLimited Edition of 100 pieces,
Warszawianka – Gold,https://czapek.com/product/warszawianka/,,czapek,,Quai des Bergues Special Edition,Warszawianka – Gold,,Special Edition,,CHF,38500,https://czapek.com/wp-content/uploads/2018/01/QdB33_Warszawianka_RG_PL_034001-1024x1371.jpg,Switzerland,,5N Red Gold case with Amber stone crown set,,Sapphire crystal case back with anti-reflective treatment on the inside surface,42.5 mm,,,,,,Curved Sapphire crystal with anti-reflective treatment on the inside surface,3 atm,,"""Grand feu"" Enamel dial The coat of arms of the Kingdom of Poland from the era of the November Uprising The “6” number is red, to underline the hour at which the November Uprising started Elongated roman numerals, symbol of the Czapek elegance","""Grand feu"" Enamel dial The coat of arms of the Kingdom of Poland from the era of the November Uprising The “6” number is red, to underline the hour at which the November Uprising started Elongated roman numerals, symbol of the Czapek elegance",5N Red Gold case with Amber stone crown set 42.5 mm diameter Curved Sapphire crystal with anti-reflective treatment on the inside surface Sapphire crystal case back with anti-reflective treatment on the inside surface Water-resistance: 30 meters (3 atm) Alligator strap with 5N Rose Gold buckle,5N Red Gold case with Amber stone crown set 42.5 mm diameter Curved Sapphire crystal with anti-reflective treatment on the inside surface Sapphire crystal case back with anti-reflective treatment on the inside surface Water-resistance: 30 meters (3 atm) Alligator strap with 5N Rose Gold buckle,5N Red Gold case with Amber stone crown set 42.5 mm diameter Curved Sapphire crystal with anti-reflective treatment on the inside surface Sapphire crystal case back with anti-reflective treatment on the inside surface Water-resistance: 30 meters (3 atm) Alligator strap with 5N Rose Gold buckle,,Calibre SXH1: Haute Horlogerie proprietary mechanical hand-wound movement,168 hours,3 Hz,,"Hours, Minutes & Seconds Small second at 7h30 Power reserve indication with weekdays at 4h30","5N Rose Gold caseWhite enamel ""Grand feu"" dialMiniature Painting ""Warszawianka""""Fleur de lys"" hands in 5N ""BlackGold""Limited edition of 5 pieces",
Tribute to Poland – Gold,https://czapek.com/product/tribute-to-poland-gold/,,czapek,,Quai des Bergues Special Edition,Tribute to Poland – Gold,,Special Edition,,CHF,35000,https://czapek.com/wp-content/uploads/2018/10/Qdb33_Tribute_to_Poland_PL_1330_Rose_Gold_034001-1-1024x1371.jpg,Switzerland,,5N Rose Gold case,,Sapphire crystal case back with anti-reflective treatment on the inside surface,42.5 mm,,,,,,Curved Sapphire crystal with anti-reflective treatment on the inside surface,3 atm,,"Solid Silver dial Micro-painting of the Polish eagle coat of arms reinterpreted by Jacques Terpant Elongated roman numerals, symbol of the Czapek elegance","Solid Silver dial Micro-painting of the Polish eagle coat of arms reinterpreted by Jacques Terpant Elongated roman numerals, symbol of the Czapek elegance",5N Rose Gold case 42.5 mm diameter Curved Sapphire crystal with anti-reflective treatment on the inside surface Sapphire crystal case back with anti-reflective treatment on the inside surface Water-resistance: 30 meters (3 atm) Alligator strap with 5N Rose Gold buckle,5N Rose Gold case 42.5 mm diameter Curved Sapphire crystal with anti-reflective treatment on the inside surface Sapphire crystal case back with anti-reflective treatment on the inside surface Water-resistance: 30 meters (3 atm) Alligator strap with 5N Rose Gold buckle,5N Rose Gold case 42.5 mm diameter Curved Sapphire crystal with anti-reflective treatment on the inside surface Sapphire crystal case back with anti-reflective treatment on the inside surface Water-resistance: 30 meters (3 atm) Alligator strap with 5N Rose Gold buckle,,Calibre SXH1: Haute Horlogerie proprietary mechanical hand-wound movement,168 hours,3 Hz,,"Hours, Minutes & Seconds Small second at 7h30 Power reserve indication with weekdays at 4h30","Visible piece in Pracownia Czasu in Warsaw, Poland5N Rose Gold case Solid Silver dialMiniature Painting of the Polish eagle coat of arms“Fleur de Lys” handsEbony music box handcrafted by Swiss Manufacture Reuge Unique PieceUnavailable until April 2022",
Tribute to Poland – Steel,https://czapek.com/product/tribute-to-poland-steel/,,czapek,,Quai des Bergues Special Edition,Tribute to Poland – Steel,,Special Edition,,CHF,18000,https://czapek.com/wp-content/uploads/2018/10/Qdb33_Tribute_to_Poland_PL_1330_Steel_034001-1-1024x1371.jpg,Switzerland,,“XO” Steel case with Dino bone stone crown set,,Sapphire crystal case back with anti-reflective treatment on the inside surface,42.5 mm,,,,,,Curved Sapphire crystal with anti-reflective treatment on the inside surface,5 atm,,"Solid Silver dial Micro-painting of the Polish eagle coat of arms reinterpreted by Jacques Terpant Elongated roman numerals, symbol of the Czapek elegance","Solid Silver dial Micro-painting of the Polish eagle coat of arms reinterpreted by Jacques Terpant Elongated roman numerals, symbol of the Czapek elegance",“XO” Steel case with Dino bone stone crown set 42.5 mm diameter Curved Sapphire crystal with anti-reflective treatment on the inside surface Sapphire crystal case back with anti-reflective treatment on the inside surface Water-resistance: 50 meters (5 atm) Alligator strap with steel buckle,“XO” Steel case with Dino bone stone crown set 42.5 mm diameter Curved Sapphire crystal with anti-reflective treatment on the inside surface Sapphire crystal case back with anti-reflective treatment on the inside surface Water-resistance: 50 meters (5 atm) Alligator strap with steel buckle,“XO” Steel case with Dino bone stone crown set 42.5 mm diameter Curved Sapphire crystal with anti-reflective treatment on the inside surface Sapphire crystal case back with anti-reflective treatment on the inside surface Water-resistance: 50 meters (5 atm) Alligator strap with steel buckle,,Calibre SXH1: Haute Horlogerie proprietary mechanical hand-wound movement,168 hours,3 Hz,,"Hours, Minutes & Seconds Small second at 7h30 Power reserve indication with weekdays at 4h30","Visible piece in Pracownia Czasu in Warsaw, Poland “XO” Steel case with Dino bone stone crown setSolid Silver dialMicro-painting of the Polish eagle coat of arms “Fleur de Lys” handsEbony music box handcrafted by Swiss Manufacture ReugeUnique Piece",
Sands of Time,https://czapek.com/product/sands-of-time/,,czapek,,Crystal Time,Sands of Time,,,,CHF,5000,https://czapek.com/wp-content/uploads/2019/03/CZAPEK_Website_Soldiers_Sands_of_Time-1024x1371.jpg,Switzerland,,,,,,,,,,,,,,,,,,,,,,,,5 Minutes measurement,Hand-made by Moser Glassworks Master GlassmakersLimited Edition of 18 piecesAvailable exclusively at Czapek or Moser Glassworks boutiques,
Titanium “Ombres”,https://czapek.com/product/ombres/,,czapek,,Place Vendôme,Titanium “Ombres”,,,,CHF,88000,https://czapek.com/wp-content/uploads/2019/04/PV_Ombres_1499_034001_GPHG_2019_Soldier_Web-1024x1371.jpg,Switzerland,,Titanium grade 5 case,,Sapphire crystal case back with anti-reflective treatment on both sides,43.5 mm,,,,,,Curved sapphire crystal with anti-reflective treatment on both sides,3 atm,,"Smoky grey brass champlevé dial, “Grand feu” Black Enamel ring","Smoky grey brass champlevé dial, “Grand feu” Black Enamel ring",Titanium grade 5 case 43.5 mm diameter Sandblasted strechers on case flanks Curved sapphire crystal with anti-reflective treatment on both sides Sapphire crystal case back with anti-reflective treatment on both sides Water-resistance: 30 meters (3 atm) Alligator strap with Titanium buckle,Titanium grade 5 case 43.5 mm diameter Sandblasted strechers on case flanks Curved sapphire crystal with anti-reflective treatment on both sides Sapphire crystal case back with anti-reflective treatment on both sides Water-resistance: 30 meters (3 atm) Alligator strap with Titanium buckle,Titanium grade 5 case 43.5 mm diameter Sandblasted strechers on case flanks Curved sapphire crystal with anti-reflective treatment on both sides Sapphire crystal case back with anti-reflective treatment on both sides Water-resistance: 30 meters (3 atm) Alligator strap with Titanium buckle,,Calibre SXH2: Haute Horlogerie proprietary,,3 Hz,,"Hours and minutes on separate dial located at 12 o’clock One-minute tourbillon located at 8 o’clock Second time zone on subdial at 4 o’clock, turns counter-clockwise Disk day/night indicator located at 6, turns counter-clockwise Power reserve: off centre disk, located at 12, turn on 90° on 60h, winding counter clockwise","Titanium grade 5 case,Tourbillon & GMT functionSmoky grey brass champlevé dialLimited edition of 25 pieces",
Tao,https://czapek.com/product/tao/,,czapek,,Faubourg de Cracovie,Tao,,,,CHF,34000,https://czapek.com/wp-content/uploads/2019/03/FdC_Tao_Arrow_without_date_window_1423_034001_Soldier_Web-1024x1371.jpg,Switzerland,,41.5mm Stainless Steel Case,,Sapphire case back with Anti-reflective treatment on the inner side.,41.5 mm,,,,,,Sapphire crystal Glass-Box with anti-reflective treatment,5 atm,,Handcrafted grand-feu white enamel bombé dial with black enamel welded sub-dials “Czapek” secret signature in the counter at 9 o’clock Baton applied indexes with Super Luminova treatment 12 in Arabic numerals with Super Luminova treatment,Handcrafted grand-feu white enamel bombé dial with black enamel welded sub-dials “Czapek” secret signature in the counter at 9 o’clock Baton applied indexes with Super Luminova treatment 12 in Arabic numerals with Super Luminova treatment,41.5mm Stainless Steel Case Sapphire crystal Glass-Box with anti-reflective treatment Sapphire case back with Anti-reflective treatment on the inner side. Water Resistance: 50m Alligator Strap with a steel deploying buckle,41.5mm Stainless Steel Case Sapphire crystal Glass-Box with anti-reflective treatment Sapphire case back with Anti-reflective treatment on the inner side. Water Resistance: 50m Alligator Strap with a steel deploying buckle,41.5mm Stainless Steel Case Sapphire crystal Glass-Box with anti-reflective treatment Sapphire case back with Anti-reflective treatment on the inner side. Water Resistance: 50m Alligator Strap with a steel deploying buckle,,Caliber SXH3: Haute Horlogerie integrated automatic Chronograph movement with a bespoke execution,,5 Hz,,"Chronograph, Hours, Minutes & Seconds Chronograph's Minutes at 3 o'clock Chronograph's Hours at 9 o'clock Small seconds at 6 o'clock Date at 6 o'clock",Stainless steel caseHandcrafted grand-feu white enamel bombé dial with black enamel welded sub-dials “Czapek” secret signature in the counter at 9 o’clockRodhium plated steel handsCertified Chronometer (COSC)Limited edition of 18 pieces,
Black Knight,https://czapek.com/product/black-knight/,,czapek,,Faubourg de Cracovie,Black Knight,,,,CHF,34000,https://czapek.com/wp-content/uploads/2019/03/FdC_Black_Night_Black_rubber-2-1024x1371.jpg,Switzerland,,41.5mm Grade 5 Titanium case,,Sapphire case back with Anti-reflective treatment on the inner side.,41.5 mm,,,,,,Sapphire crystal Glass-Box with anti-reflective treatment,5 atm,,"Handcrafted Guilloché ""Résonance"" bombé dial in AuPtPdAg Baton applied indexes with Super Luminova treatment 12 in Arabic numerals with Super Luminova treatment","Handcrafted Guilloché ""Résonance"" bombé dial in AuPtPdAg Baton applied indexes with Super Luminova treatment 12 in Arabic numerals with Super Luminova treatment",41.5mm Grade 5 Titanium case Sapphire crystal Glass-Box with anti-reflective treatment Sapphire case back with Anti-reflective treatment on the inner side. Water Resistance: 50m Rubber Strap with steel and titanium deploying buckle,41.5mm Grade 5 Titanium case Sapphire crystal Glass-Box with anti-reflective treatment Sapphire case back with Anti-reflective treatment on the inner side. Water Resistance: 50m Rubber Strap with steel and titanium deploying buckle,41.5mm Grade 5 Titanium case Sapphire crystal Glass-Box with anti-reflective treatment Sapphire case back with Anti-reflective treatment on the inner side. Water Resistance: 50m Rubber Strap with steel and titanium deploying buckle,,Caliber SXH3: Haute Horlogerie integrated automatic Chronograph movement with a bespoke execution,,5 Hz,,"Chronograph, Hours, Minutes & Seconds Chronograph's Minutes at 3 o'clock Chronograph's Hours at 9 o'clock Small seconds at 6 o'clock Date at 6 o'clock","Grade 5 Titanium caseBlack Handcrafted Guilloché ""Résonance"" dialRodhium plated steel handsCertified Chronometer (COSC)Limited edition of 18 pieces",
Coho,https://czapek.com/product/coho/,,czapek,,Faubourg de Cracovie,Coho,,,,CHF,32000,https://czapek.com/wp-content/uploads/2019/01/FDC_Cadran_Gold_With_EN_034001-1-1024x1371.jpg,Switzerland,,41.5mm Stainless Steel Case,,Sapphire case back with Anti-reflective treatment on the inner side.,41.5 mm,,,,,,Sapphire crystal Glass-Box with anti-reflective treatment,5 atm,,"Handcrafted Guilloché ""Résonance"" bombé dial in AuPtPdAg Baton applied indexes with Super Luminova treatment 12 in Arabic numerals with Super Luminova treatment","Handcrafted Guilloché ""Résonance"" bombé dial in AuPtPdAg Baton applied indexes with Super Luminova treatment 12 in Arabic numerals with Super Luminova treatment",41.5mm Stainless Steel Case Sapphire crystal Glass-Box with anti-reflective treatment Sapphire case back with Anti-reflective treatment on the inner side. Water Resistance: 50m Alligator Strap with a steel deploying buckle,41.5mm Stainless Steel Case Sapphire crystal Glass-Box with anti-reflective treatment Sapphire case back with Anti-reflective treatment on the inner side. Water Resistance: 50m Alligator Strap with a steel deploying buckle,41.5mm Stainless Steel Case Sapphire crystal Glass-Box with anti-reflective treatment Sapphire case back with Anti-reflective treatment on the inner side. Water Resistance: 50m Alligator Strap with a steel deploying buckle,,Caliber SXH3: Haute Horlogerie integrated automatic Chronograph movement with a bespoke execution,,5 Hz,,"Chronograph, Hours, Minutes & Seconds Chronograph's Minutes at 3 o'clock Chronograph's Hours at 9 o'clock Small seconds at 6 o'clock Date at 6 o'clock","Stainless steel caseSalmon Handcrafted Guilloché ""Résonance"" dial with silver subdialsRodhium plated steel handsCertified Chronometer (COSC)Limited Edition of 18 pieces engraved:""1 out of 18""",
King,https://czapek.com/product/king/,,czapek,,Faubourg de Cracovie,King,,,,CHF,32000,https://czapek.com/wp-content/uploads/2019/01/FDC_Cadran_Gold_EN_034006-1-1024x1371.jpg,Switzerland,,41.5mm Stainless Steel Case,,Sapphire case back with Anti-reflective treatment on the inner side.,41.5 mm,,,,,,Sapphire crystal Glass-Box with anti-reflective treatment,5 atm,,"Handcrafted Guilloché ""Résonance"" bombé dial in AuPtPdAg Baton applied indexes with Super Luminova treatment 12 in Arabic numerals with Super Luminova treatment","Handcrafted Guilloché ""Résonance"" bombé dial in AuPtPdAg Baton applied indexes with Super Luminova treatment 12 in Arabic numerals with Super Luminova treatment",41.5mm Stainless Steel Case Sapphire crystal Glass-Box with anti-reflective treatment Sapphire case back with Anti-reflective treatment on the inner side. Water Resistance: 50m Alligator Strap with a steel deploying buckle,41.5mm Stainless Steel Case Sapphire crystal Glass-Box with anti-reflective treatment Sapphire case back with Anti-reflective treatment on the inner side. Water Resistance: 50m Alligator Strap with a steel deploying buckle,41.5mm Stainless Steel Case Sapphire crystal Glass-Box with anti-reflective treatment Sapphire case back with Anti-reflective treatment on the inner side. Water Resistance: 50m Alligator Strap with a steel deploying buckle,,Caliber SXH3: Haute Horlogerie integrated automatic Chronograph movement with a bespoke execution,,5 Hz,,"Chronograph, Hours, Minutes & Seconds Chronograph's Minutes at 3 o'clock Chronograph's Hours at 9 o'clock Small seconds at 6 o'clock Date at 6 o'clock","Stainless steel caseSalmon Handcrafted Guilloché ""Résonance"" dialBlue steel handsCertified Chronometer (COSC)Limited Edition of 18 pieces engraved:""1 out of 18""",
L’Heure Bleue,https://czapek.com/product/lheure-bleue/,,czapek,,Faubourg de Cracovie,L’Heure Bleue,,,,CHF,32000,https://czapek.com/wp-content/uploads/2018/03/FdC_LHeure_Blue_1413_034006_SEW_2018_Soldier_Web-1024x1371.jpg,Switzerland,,41.5mm Stainless Steel Case,,Sapphire case back with Anti-reflective treatment on the inner side.,41.5 mm,,,,,,Sapphire crystal Glass-Box with anti-reflective treatment,5 atm,,"Handcrafted Guilloché ""Résonance"" bombé dial in AuPtPdAg Baton applied indexes with Super Luminova treatment 12 in Arabic numerals with Super Luminova treatment","Handcrafted Guilloché ""Résonance"" bombé dial in AuPtPdAg Baton applied indexes with Super Luminova treatment 12 in Arabic numerals with Super Luminova treatment",41.5mm Stainless Steel Case Sapphire crystal Glass-Box with anti-reflective treatment Sapphire case back with Anti-reflective treatment on the inner side. Water Resistance: 50m Alligator Strap with a steel deploying buckle,41.5mm Stainless Steel Case Sapphire crystal Glass-Box with anti-reflective treatment Sapphire case back with Anti-reflective treatment on the inner side. Water Resistance: 50m Alligator Strap with a steel deploying buckle,41.5mm Stainless Steel Case Sapphire crystal Glass-Box with anti-reflective treatment Sapphire case back with Anti-reflective treatment on the inner side. Water Resistance: 50m Alligator Strap with a steel deploying buckle,,Caliber SXH3: Haute Horlogerie integrated automatic Chronograph movement with a bespoke execution,,5 Hz,,"Chronograph, Hours, Minutes & Seconds Chronograph's Minutes at 3 o'clock Chronograph's Hours at 9 o'clock Small seconds at 6 o'clock Date at 6 o'clock","Stainless steel caseBlue Handcrafted Guilloché ""Résonance"" dialRodhium plated steel handsCertified Chronometer (COSC)",
Dioné & Rhéa,https://czapek.com/product/dione-rhea/,,czapek,,Faubourg de Cracovie,Dioné & Rhéa,,,,CHF,32000,https://czapek.com/wp-content/uploads/2018/03/FDC_Dionerhea_1414_387001-1024x1371.jpg,Switzerland,,41.5mm Stainless Steel Case,,Sapphire case back with Anti-reflective treatment on the inner side.,41.5 mm,,,,,,Sapphire crystal Glass-Box with anti-reflective treatment,5 atm,,"Handcrafted Guilloché ""Résonance"" bombé dial in AuPtPdAg Baton applied indexes with Super Luminova treatment 12 in Arabic numeral with Super Luminova treatment","Handcrafted Guilloché ""Résonance"" bombé dial in AuPtPdAg Baton applied indexes with Super Luminova treatment 12 in Arabic numeral with Super Luminova treatment",41.5mm Stainless Steel Case Sapphire crystal Glass-Box with anti-reflective treatment Sapphire case back with Anti-reflective treatment on the inner side. Water Resistance: 50m Alligator Strap with a steel deploying buckle,41.5mm Stainless Steel Case Sapphire crystal Glass-Box with anti-reflective treatment Sapphire case back with Anti-reflective treatment on the inner side. Water Resistance: 50m Alligator Strap with a steel deploying buckle,41.5mm Stainless Steel Case Sapphire crystal Glass-Box with anti-reflective treatment Sapphire case back with Anti-reflective treatment on the inner side. Water Resistance: 50m Alligator Strap with a steel deploying buckle,,Caliber SXH3: Haute Horlogerie integrated automatic Chronograph movement with a bespoke execution,,5 Hz,,"Chronograph, Hours, Minutes & Seconds Chronograph's Minutes at 3 o'clock Chronograph's Hours at 9 o'clock Small seconds at 6 o'clock Date at 6 o'clock","Stainless steel caseBlack & White Handcrafted Guilloché ""Résonance""dialArrow hands with SuperLuminova® coatingHour markers in SuperLuminova®Certified Chronometer (COSC)Limited edition of 18 pieces engraved:""1 out of 18""",
Grand Feu,https://czapek.com/product/grand-feu/,,czapek,,Faubourg de Cracovie,Grand Feu,,,,CHF,32000,https://czapek.com/wp-content/uploads/2018/03/FdC_Grand_Feu_Arrow_with_date_window_1412_034001_Soldier_Web-1024x1371.jpg,Switzerland,,41.5mm Stainless Steel Case,,Sapphire case back with Anti-reflective treatment on the inner side.,41.5 mm,,,,,,Sapphire crystal Glass-Box with anti-reflective treatment,5 atm,,Handcrafted enamel bombé dial with welded sub-counters and secret signature Elongated Roman numerals symbol of the Czapek elegance with XII in scarlet red,Handcrafted enamel bombé dial with welded sub-counters and secret signature Elongated Roman numerals symbol of the Czapek elegance with XII in scarlet red,41.5mm Stainless Steel Case Sapphire crystal Glass-Box with anti-reflective treatment Sapphire case back with Anti-reflective treatment on the inner side. Water Resistance: 50m Alligator Strap with a steel deploying buckle,41.5mm Stainless Steel Case Sapphire crystal Glass-Box with anti-reflective treatment Sapphire case back with Anti-reflective treatment on the inner side. Water Resistance: 50m Alligator Strap with a steel deploying buckle,41.5mm Stainless Steel Case Sapphire crystal Glass-Box with anti-reflective treatment Sapphire case back with Anti-reflective treatment on the inner side. Water Resistance: 50m Alligator Strap with a steel deploying buckle,,Caliber SXH3: Haute Horlogerie integrated automatic Chronograph movement with a bespoke execution,,5 Hz,,"Chronograph, Hours, Minutes & Seconds Chronograph's Minutes at 3 o'clock Chronograph's Hours at 9 o'clock Small seconds at 6 o'clock Date at 6 o'clock",Stainless steel caseHandcrafted enamel 'Grand Feu' dialBlued steel handsCertified Chronometer (COSC),
No.33,https://czapek.com/product/no-33/,,czapek,,Quai des Bergues,No.33,,,,CHF,36600,https://czapek.com/wp-content/uploads/2018/03/QdB_N33_EN_1330_034001_Soldier_Web-1024x1371.jpg,Switzerland,,5N Rose Gold case with Czapek’s “Queen Bee” Hallmark,,Sapphire crystal case back with anti-reflective treatment on the inside surface,42.5 mm,,,,,,Curved Sapphire crystal with anti-reflective treatment on the inside surface,3 atm,,"""Grand feu"" Enamel dial with a secret signature “Czapek” Elongated roman numerals, symbol of the Czapek elegance","""Grand feu"" Enamel dial with a secret signature “Czapek” Elongated roman numerals, symbol of the Czapek elegance",5N Rose Gold case with Czapek’s “Queen Bee” Hallmark 42.5 mm diameter Curved Sapphire crystal with anti-reflective treatment on the inside surface Sapphire crystal case back with anti-reflective treatment on the inside surface Water-resistance: 30 meters (3 atm) Alligator strap with 5N Rose Gold buckle,5N Rose Gold case with Czapek’s “Queen Bee” Hallmark 42.5 mm diameter Curved Sapphire crystal with anti-reflective treatment on the inside surface Sapphire crystal case back with anti-reflective treatment on the inside surface Water-resistance: 30 meters (3 atm) Alligator strap with 5N Rose Gold buckle,5N Rose Gold case with Czapek’s “Queen Bee” Hallmark 42.5 mm diameter Curved Sapphire crystal with anti-reflective treatment on the inside surface Sapphire crystal case back with anti-reflective treatment on the inside surface Water-resistance: 30 meters (3 atm) Alligator strap with 5N Rose Gold buckle,,Calibre SXH1: Haute Horlogerie proprietary mechanical hand-wound movement,168 hours,3 Hz,,"Hours, Minutes & Seconds Small second at 7h30 Power reserve indication with weekdays at 4h30","5N Rose Gold caseWhite enamel “Grand feu” dial""Fleur de lys"" hands in 5N Rose Gold Your personal secret sentence written inside the enamel dial.",
Guilloché Ricochet – Solar Eclipse,https://czapek.com/product/guilloche-ricochet-solar-eclipse/,,czapek,,Quai des Bergues,Guilloché Ricochet – Solar Eclipse,,,,CHF,36600,https://czapek.com/wp-content/uploads/2019/05/QdB_Guilloche_Solar_Eclipse_EN_1351_034001_Soldier_Web-1024x1371.jpg,Switzerland,,5N Rose Gold case with Czapek’s “Queen Bee” Hallmark,,Sapphire crystal case back with anti-reflective treatment on the inside surface,42.5 mm,,,,,,Curved Sapphire crystal with anti-reflective treatment on the inside surface,3 atm,,"Black handmade bombé ""Guilloché Main"" dial in a special gold, silver, palladium and platinum plate. Rose Gold Markers. Unique and Exclusive Czapek “Ricochet” guilloché design inspired by a Czapek Guilloché of the 1850’s","Black handmade bombé ""Guilloché Main"" dial in a special gold, silver, palladium and platinum plate. Rose Gold Markers. Unique and Exclusive Czapek “Ricochet” guilloché design inspired by a Czapek Guilloché of the 1850’s",5N Rose Gold case with Czapek’s “Queen Bee” Hallmark 42.5 mm diameter Curved Sapphire crystal with anti-reflective treatment on the inside surface Sapphire crystal case back with anti-reflective treatment on the inside surface Water-resistance: 30 meters (3 atm) Mat Black Alligator strap with 5N Gold buckle,5N Rose Gold case with Czapek’s “Queen Bee” Hallmark 42.5 mm diameter Curved Sapphire crystal with anti-reflective treatment on the inside surface Sapphire crystal case back with anti-reflective treatment on the inside surface Water-resistance: 30 meters (3 atm) Mat Black Alligator strap with 5N Gold buckle,5N Rose Gold case with Czapek’s “Queen Bee” Hallmark 42.5 mm diameter Curved Sapphire crystal with anti-reflective treatment on the inside surface Sapphire crystal case back with anti-reflective treatment on the inside surface Water-resistance: 30 meters (3 atm) Mat Black Alligator strap with 5N Gold buckle,,Calibre SXH1: Haute Horlogerie proprietary mechanical hand-wound movement,168 hours,3 Hz,,"Hours, Minutes & Seconds Small second at 7h30 Power reserve indication with weekdays at 4h30","5N Rose Gold caseBlack handmade bombé ""Guilloché Main"" dial""Fleur de lys"" hands in 5N Rose GoldAnnual Limited Production of 18",
Guilloché Ricochet – Havana Brown,https://czapek.com/product/guilloche-ricochet-havana-brown/,,czapek,,Quai des Bergues,Guilloché Ricochet – Havana Brown,,,,CHF,36600,https://czapek.com/wp-content/uploads/2020/02/QdB_Guilloche_Havana_Brown_EN_1335_034053_Soldier_Web-1024x1371.jpg,Switzerland,,5N Rose Gold case with Czapek’s “Queen Bee” Hallmark,,Sapphire crystal case back with anti-reflective treatment on the inside surface,42.5 mm,,,,,,Curved Sapphire crystal with anti-reflective treatment on the inside surface,3 atm,,"Havana Brown handmade bombé ""Guilloché Main"" dial in a special gold, silver, palladium and platinum plate. Rose Gold Markers. Unique and Exclusive Czapek “Ricochet” guilloché design inspired by a Czapek Guilloché of the 1850’s","Havana Brown handmade bombé ""Guilloché Main"" dial in a special gold, silver, palladium and platinum plate. Rose Gold Markers. Unique and Exclusive Czapek “Ricochet” guilloché design inspired by a Czapek Guilloché of the 1850’s",5N Rose Gold case with Czapek’s “Queen Bee” Hallmark 42.5 mm diameter Curved Sapphire crystal with anti-reflective treatment on the inside surface Sapphire crystal case back with anti-reflective treatment on the inside surface Water-resistance: 30 meters (3 atm) Mat Brown Alligator strap with 5N Gold buckle,5N Rose Gold case with Czapek’s “Queen Bee” Hallmark 42.5 mm diameter Curved Sapphire crystal with anti-reflective treatment on the inside surface Sapphire crystal case back with anti-reflective treatment on the inside surface Water-resistance: 30 meters (3 atm) Mat Brown Alligator strap with 5N Gold buckle,5N Rose Gold case with Czapek’s “Queen Bee” Hallmark 42.5 mm diameter Curved Sapphire crystal with anti-reflective treatment on the inside surface Sapphire crystal case back with anti-reflective treatment on the inside surface Water-resistance: 30 meters (3 atm) Mat Brown Alligator strap with 5N Gold buckle,,Calibre SXH1: Haute Horlogerie proprietary mechanical hand-wound movement,168 hours,3 Hz,,"Hours, Minutes & Seconds Small second at 7h30 Power reserve indication with weekdays at 4h30","5N Rose Gold caseHavana Brown handmade bombé ""Guilloché Main"" dial""Fleur de lys"" hands in 5N Rose Gold",
No.33S,https://czapek.com/product/no-33s/,,czapek,,Quai des Bergues,No.33S,,,,CHF,36600,https://czapek.com/wp-content/uploads/2018/07/QdB_N33_S_EN_1332_034001_Soldier_Web-1024x1371.jpg,Switzerland,,5N Rose Gold case with Czapek’s “Queen Bee” Hallmark,,Sapphire crystal case back with anti-reflective treatment on the inside surface,38.5 mm,,,,,,Curved Sapphire crystal with anti-reflective treatment on the inside surface,3 atm,,“Grand feu” Enamel dial,“Grand feu” Enamel dial,5N Rose Gold case with Czapek’s “Queen Bee” Hallmark 38.5 mm diameter Curved Sapphire crystal with anti-reflective treatment on the inside surface Sapphire crystal case back with anti-reflective treatment on the inside surface Water-resistance: 30 meters (3 atm) Alligator strap with 5N Rose Gold buckle,5N Rose Gold case with Czapek’s “Queen Bee” Hallmark 38.5 mm diameter Curved Sapphire crystal with anti-reflective treatment on the inside surface Sapphire crystal case back with anti-reflective treatment on the inside surface Water-resistance: 30 meters (3 atm) Alligator strap with 5N Rose Gold buckle,5N Rose Gold case with Czapek’s “Queen Bee” Hallmark 38.5 mm diameter Curved Sapphire crystal with anti-reflective treatment on the inside surface Sapphire crystal case back with anti-reflective treatment on the inside surface Water-resistance: 30 meters (3 atm) Alligator strap with 5N Rose Gold buckle,,Calibre SXH1: Haute Horlogerie proprietary mechanical hand-wound movement,168 hours,3 Hz,,"Hours, Minutes & Seconds Small second at 7h30 Power reserve indication with weekdays at 4h30",5N Rose Gold caseWhite enamel “Grand feu” dial“Fleur de Lys” hands in blued White Gold,
N°25 Ter,https://czapek.com/product/n25-ter/,,czapek,,Quai des Bergues,N°25 Ter,,,,CHF,18800,https://czapek.com/wp-content/uploads/2020/01/QdB_N25ter_EN_1252_034006_Soldier_Web-1024x1371.jpg,Switzerland,,Exclusive XO stainless steel “Revolution” case,,Sapphire crystal case back with anti-reflective treatment on the inside surface,42.5 mm,,,,,,Curved Sapphire crystal with anti-reflective treatment on the inside surface,5 atm,,Grand-Feu enamel dial Elongated Roman numerals symbol of the Czapek elegance,Grand-Feu enamel dial Elongated Roman numerals symbol of the Czapek elegance,Exclusive XO stainless steel “Revolution” case 42.5 mm diameter Curved Sapphire crystal with anti-reflective treatment on the inside surface Sapphire crystal case back with anti-reflective treatment on the inside surface Water-resistance: 50 meters (5 atm) Two-tone “Patiné” Alligator strap with XO steel buckle,Exclusive XO stainless steel “Revolution” case 42.5 mm diameter Curved Sapphire crystal with anti-reflective treatment on the inside surface Sapphire crystal case back with anti-reflective treatment on the inside surface Water-resistance: 50 meters (5 atm) Two-tone “Patiné” Alligator strap with XO steel buckle,Exclusive XO stainless steel “Revolution” case 42.5 mm diameter Curved Sapphire crystal with anti-reflective treatment on the inside surface Sapphire crystal case back with anti-reflective treatment on the inside surface Water-resistance: 50 meters (5 atm) Two-tone “Patiné” Alligator strap with XO steel buckle,,Calibre SXH1: Haute Horlogerie proprietary mechanical hand-wound movement,168 hours,3 Hz,,"Hours, Minutes & Seconds Small second at 7h30 Power reserve indication with weekdays at 4h30",Exclusive XO stainless steel “Revolution” caseGrand-Feu enamel dialFleur de Lys blued titanium hands,
Guilloché Ricochet – Sea Salt Grey,https://czapek.com/product/guilloche-ricochet-sea-salt-grey/,,czapek,,Quai des Bergues,Guilloché Ricochet – Sea Salt Grey,,,,CHF,18800,https://czapek.com/wp-content/uploads/2017/12/QdB_Guilloche_Sea_Salt_Grey_EN_1292_034001_Soldier_Web-1024x1371.jpg,Switzerland,,Stainless Steel case,,Sapphire crystal case back with anti-reflective treatment on the inside surface,42.5 mm,,,,,,Curved Sapphire crystal with anti-reflective treatment on the inside surface,3 atm,,"Sea Salt Grey bombé “Guilloché Main” dial in a special gold, silver, palladium and platinum alloy Unique and Exclusive Czapek “Ricochet” guilloché design inspired by a Czapek Guilloché of the 1850’s","Sea Salt Grey bombé “Guilloché Main” dial in a special gold, silver, palladium and platinum alloy Unique and Exclusive Czapek “Ricochet” guilloché design inspired by a Czapek Guilloché of the 1850’s",Stainless Steel case 42.5 mm diameter Curved Sapphire crystal with anti-reflective treatment on the inside surface Sapphire crystal case back with anti-reflective treatment on the inside surface Water-resistance: 30 meters (3 atm) Alligator strap with White Gold buckle,Stainless Steel case 42.5 mm diameter Curved Sapphire crystal with anti-reflective treatment on the inside surface Sapphire crystal case back with anti-reflective treatment on the inside surface Water-resistance: 30 meters (3 atm) Alligator strap with White Gold buckle,Stainless Steel case 42.5 mm diameter Curved Sapphire crystal with anti-reflective treatment on the inside surface Sapphire crystal case back with anti-reflective treatment on the inside surface Water-resistance: 30 meters (3 atm) Alligator strap with White Gold buckle,,Calibre SXH1: Haute Horlogerie proprietary mechanical hand-wound movement,168 hours,3 Hz,,"Hours, Minutes & Seconds Small second at 7h30 Power reserve indication with weekdays at 4h30","42mm Steel caseSea Salt Grey bombé “Guilloché Main” dial“Fleur de Lys” or ""Arrow"" hands in blued steel",
No.29bis,https://czapek.com/product/no-29bis/,,czapek,,Quai des Bergues,No.29bis,,,,CHF,36600,https://czapek.com/wp-content/uploads/2017/12/QdB_N29bis_EN_1291_034001_Soldier_Web-1024x1371.jpg,Switzerland,,1N White Gold case with Czapek’s “Queen Bee” Hallmark,,Sapphire crystal case back with anti-reflective treatment on the inside surface,42.5 mm,,,,,,Curved Sapphire crystal with anti-reflective treatment on the inside surface,3 atm,,"""Grand feu"" Enamel dial with a secret signature “Czapek” Elongated roman numerals, symbol of the Czapek elegance","""Grand feu"" Enamel dial with a secret signature “Czapek” Elongated roman numerals, symbol of the Czapek elegance",1N White Gold case with Czapek’s “Queen Bee” Hallmark 42.5 mm diameter Curved Sapphire crystal with anti-reflective treatment on the inside surface Sapphire crystal case back with anti-reflective treatment on the inside surface Water-resistance: 30 meters (3 atm) Alligator strap with 1N White Gold buckle,1N White Gold case with Czapek’s “Queen Bee” Hallmark 42.5 mm diameter Curved Sapphire crystal with anti-reflective treatment on the inside surface Sapphire crystal case back with anti-reflective treatment on the inside surface Water-resistance: 30 meters (3 atm) Alligator strap with 1N White Gold buckle,1N White Gold case with Czapek’s “Queen Bee” Hallmark 42.5 mm diameter Curved Sapphire crystal with anti-reflective treatment on the inside surface Sapphire crystal case back with anti-reflective treatment on the inside surface Water-resistance: 30 meters (3 atm) Alligator strap with 1N White Gold buckle,,Calibre SXH1: Haute Horlogerie proprietary mechanical hand-wound movement,168 hours,3 Hz,,"Hours, Minutes & Seconds Small second at 7h30 Power reserve indication with weekdays at 4h30","1N White Gold caseWhite enamel “Grand feu” dial""Fleur de lys"" hands in 1N ""BlackGold""",
No.19S,https://czapek.com/product/no-19s/,,czapek,,Quai des Bergues,No.19S,,,,CHF,15200,https://czapek.com/wp-content/uploads/2018/01/QdB_N19_S_EN_1190_034006_Soldier_Web-1-1024x1371.jpg,Switzerland,,Exclusive XO stainless steel “Revolution” case,,Sapphire crystal case back with anti-reflective treatment on the inside surface,38.5 mm,,,,,,Curved Sapphire crystal with anti-reflective treatment on the inside surface,5 atm,,Opalin white sterling silver dial,Opalin white sterling silver dial,Exclusive XO stainless steel “Revolution” case 38.5 mm diameter Curved Sapphire crystal with anti-reflective treatment on the inside surface Sapphire crystal case back with anti-reflective treatment on the inside surface Water-resistance: 50 meters (5 atm) Alligator strap with XO steel pin buckle,Exclusive XO stainless steel “Revolution” case 38.5 mm diameter Curved Sapphire crystal with anti-reflective treatment on the inside surface Sapphire crystal case back with anti-reflective treatment on the inside surface Water-resistance: 50 meters (5 atm) Alligator strap with XO steel pin buckle,Exclusive XO stainless steel “Revolution” case 38.5 mm diameter Curved Sapphire crystal with anti-reflective treatment on the inside surface Sapphire crystal case back with anti-reflective treatment on the inside surface Water-resistance: 50 meters (5 atm) Alligator strap with XO steel pin buckle,,Calibre SXH1: Haute Horlogerie proprietary mechanical hand-wound movement,168 hours,3 Hz,,"Hours, Minutes & Seconds Small second at 7h30 Power reserve indication with weekdays at 4h30","Exclusive XO stainless steel “Revolution” caseOpalin white sterling silver dialCzapek ""Fleur de lys"" blued titanium hands",
No.7,https://czapek.com/product/no-7/,,czapek,,Quai des Bergues - Lady,No.7,Lady 7-day Manual Winding,,,CHF,28000,https://czapek.com/wp-content/uploads/2020/11/QdB_Lady_N7_1070_519000_Soldier_Web-1-1024x1371.jpg,Switzerland,,1N White Gold case with Czapek’s “Queen Bee” Hallmark,,Sapphire crystal case back with anti-reflective treatment on the inside surface,38.5 mm,,,,,,Curved Sapphire crystal with anti-reflective treatment on the inside surface,3 atm,,Mother of Pearl dial Indexes with VVS white diamonds,Mother of Pearl dial Indexes with VVS white diamonds,1N White Gold case with Czapek’s “Queen Bee” Hallmark 38.5 mm diameter Curved Sapphire crystal with anti-reflective treatment on the inside surface Sapphire crystal case back with anti-reflective treatment on the inside surface Water-resistance: 30 meters (3 atm) Alligator strap with 1N White Gold buckle,1N White Gold case with Czapek’s “Queen Bee” Hallmark 38.5 mm diameter Curved Sapphire crystal with anti-reflective treatment on the inside surface Sapphire crystal case back with anti-reflective treatment on the inside surface Water-resistance: 30 meters (3 atm) Alligator strap with 1N White Gold buckle,1N White Gold case with Czapek’s “Queen Bee” Hallmark 38.5 mm diameter Curved Sapphire crystal with anti-reflective treatment on the inside surface Sapphire crystal case back with anti-reflective treatment on the inside surface Water-resistance: 30 meters (3 atm) Alligator strap with 1N White Gold buckle,,Calibre SXH1: Haute Horlogerie proprietary mechanical hand-wound movement,168 hours,3 Hz,,"Hours, Minutes & Seconds Small second at 7h30 Power reserve indication at 4h30","1N White Gold caseMother of Pearl dial with DiamondsWhite Gold ""Fleur de Lys"" hands",
